original_sha,mark
20359461e1d392da5a43f2c3eefbadfa5733e78e,:9
44da910ae8732581b5227fca812b5e25aad00755,:11
1b8212d895f952db0d06c16d3956ce8440f28135,:13
2e9845c4c4a863157182e5f25b95252d1bb0e06e,:19
eeb1535404f321d280a8f9194bbc1d7aca5f05fc,:22
1b92217fcbaced6e07b81e910fa2945a7e090dcd,:1057
974c5da5f039d2d12b30c6e790aeccba0b1d3a61,:1060
0c57daa5cc93577228ebe5cfdad73dbdde49a605,:1062
295db7eba1cbb2d19c3ca5b89cdd641a4c5a9b2d,:1064
87a8504b7d964b1262d455908675feccbb542e23,:1066
fe46d4b566522ed67fc31593243a83fdc4261f75,:1068
bf93de554b770c9dac2a0f3a2e308e4f44e89f3a,:1070
082f8899473b4a209e8d036c0aa3597b5b6f4aba,:1072
4c6bc4087d7d1efc83cde56830d152309c6321fb,:1074
c97dfc225480b611108470629970cae56981ac0d,:1076
15a1b3a2adb2c5995a546220bc7ccbb9b9973a9c,:1078
0e908b366a1c74bb86b5355887abb202eb4be9b7,:1080
4576eeb487a334758485528fdfe52a113e77dcb8,:1082
4a721e047fc0479dfd103839284ae5b864cfe193,:1084
3eea7ef0caacc74428248677b548b81c4f0dc123,:1086
7b98f2ac1cb02bb3301c450aef5b052df757fe96,:1088
60db4a0fd83a70be5c55ee7884f6be15cc3cab2f,:1090
5f2a00d83bbfd108329d2648e608e363352220f2,:1092
75354ca9617e9e84fd2f65176ca026b0df804727,:1094
898b77bc14b02eb89178222356cbcd4c1c8ccdbf,:1096
2682db13343a9754e5a7404cc9d8e299545be4b1,:1098
6cb3ebc0b451565e488ab52c9ddd3cd60f040620,:1100
a8a53ff3972a4fb03a2d936ce215174b51680b5e,:1102
c36dc8c4911b3a5b3ae6462bce6788e01b7e698b,:1104
91382b2cebafd43a160a7c17eff6a89693d78bd0,:1106
1c869693a8a0b35ae0e16c487ca532fd2a82e7ea,:1108
a0c814ade7ea0387d21842d2164fc6a287905213,:1110
3712857009d4cce6efcf1de2e921c1e972658e72,:1112
b33b19824a4227d30255df49ad240f0ddca51067,:1114
c95d6b58b4301589542dbb701f3d0f35180c56b8,:1116
f4e45aa899fa31c25ef8deeffe7eceb24e8dfbcd,:1118
f2827730559ae3bacb2c4e11079190602bdcf1f6,:1120
9a171aaea7c9116c38ed1470bac96dc7b4d1aacc,:1122
e39dc440e98c805c2d2652acefee43c1352bf2fc,:1124
6d653dc1a1048f3a32f428d6621d3b08fc29c15c,:1126
e2aa795c71efefe7317351b21b6e1f74a69ce55e,:1128
f42dcd336ebbff9de7236664fcf33c891d26017d,:1130
981a58f4587802606613da8c5c758cfbca82b776,:1132
1097673f4ab60f9fc6bfe3f225baa119ff95756d,:1134
42bbca1457aa8269f281de3bfc28dde4f39ab5ed,:1136
849b66399b1dba1cf326ae368f732611e68b71ef,:1138
4e2a1e7283400ea6c2956b686ab63b4ee499d9f5,:1140
3cbac05dae306888b69bec3e0bc61b6e5808333d,:1142
b4dd62ce4d984c3c34cd228b180707ae8ab33ec9,:1144
c937f1754a70560d6828529ae94edfe0955a3509,:1146
a9b091816c74c78746109d5f2e565397c1769f34,:1148
8d818344b69c59b6fa326993bea926dc05d15d7b,:1150
86383f23ee60686c9249a5b9bbd2b1d1cf9c4259,:1152
c1ec8abff9ba66fb6427c0d7bbf437b7cedcc33f,:1154
9be5a85e874ea9ffbed005f95223a4725e63d19b,:1156
63f326c58d76ca5c67991a4c64c1f6b00b3dbe82,:1158
2692a9d23b6b8db857dd04e0153619103edb7307,:1160
37b27cc9402b403a1936ae62c3475f1abd40352e,:1162
d77e241b4420446c03aab2a4d17a0ae66040a02f,:1164
c39fc1862a4733d752ae522155a4dbc3c62e508c,:1166
716716d18baabec61cc1e910204fa32f433583e6,:1168
50d94c9144db2f082951ad581f35a768990629fb,:1170
4bc91f109137a94b829f9e7a81edf15eb99b3fb9,:1172
5aee245b5a0461c5d110f087bdad82e9358886b4,:1174
7050a234e3fbf9c0cebbd1b572b93fc5ed1a95d4,:1176
5730d131571e9fc87378a517ba34fe1cea7fec99,:1177
729504153f78f08b8ead97359a5fbbd331e30c23,:1179
b8baaf83849060e557b243b7ec2ff890b44afd6a,:1181
b0f167bcab975e0a3e2fe7fd85e8dbcf5c4f8279,:1183
f03aac9ff7ef08556f3f28630f32916abe302f5d,:1185
75939131e708c8ebccffa69a3a17b7ba476d9e00,:1186
7d4f609c9b4b36c4c1df6bcf787556b10ce3a58a,:1188
b3be911d1b43991275b09abc85092068cdd3ea07,:1190
a39fe318345fe1e1ad50f5bab40b911ce21d5b07,:1192
a686d09d18672aef1566c194e17aa142d94f2dad,:1194
4881768cbc498615a49c2661b3f2099def436926,:1196
73029f10aeaa70c8e5b30817c65a24b6da267231,:1197
48aa72c47b104af6adaf92ef19f3491f3a2a5a91,:1199
ee76372be20e5291c5147005175ee52db8d253b3,:1201
6c57fe835d7f15eaf7d19063c3fdedccc0aa485b,:1211
43071b3b61d60c00a1cd953e9b148fb42730583d,:1213
3450c3318c2b73486f81f6de08c5e33b8eb63ca8,:1215
e0c5a49edf7461ce23029e51be9b0f389a706286,:1217
8ee2836b1c95dd565513020f3313b0714a54ae4a,:1219
41d17b141d46051c7c8c96e86835842956a3cce8,:1221
7c90a1e5a57cba02ea1b7a0d041cdb58f2a9e6c8,:1222
e181165582aeb1d5a13817fff948a0f1be7ecc1e,:1224
09047de9027752ed8ab0b188c08d544657fa26ce,:1225
691a75e154752af0c205464df39308b5bb98c45e,:1227
2b25b9d108bad32eb6ec7c5122b168cb7934d7f3,:1229
30d75c1f3c74d4f4c12d6b030f31aa4f8a4a7b53,:1231
0ca8521008468be4b3aa62338a71266bbd0226e8,:1233
8e4c206acb79f2972eecae41c4b0ae82045d4207,:1235
851ffbd79713ac2310e8007dd2ffa909e47a8ca0,:1237
84cd2a6a4fe3c73aca845666454f04e7de2b82ee,:2008
babf355b3937849c43cf46af3544b51637ed49c0,:2010
8db0f35da72a83ff37e3f3d42c7cea4f0e5dcc4b,:2012
6ac5f94de870210f1bcd1cacd188240019be4d9e,:2014
04433005aae748e2e19cdb761c5af1515b94e649,:2015
d186104a718f4d71fb2afa82844a93d4436e8aa9,:2017
bafd385fa6bdf79b496a2b81b730f6da5140ee45,:2019
14bb692b1a8983f72414c5fd2330b36b4038ef46,:2021
60ef6ead7a818e52d9e3d2f86f76b762ab93440c,:2023
23a194eb618c055f9c7e508b4b3c08d8ebf34c74,:2025
1267b5f9f4d9ac560fd5dde40d81aba06944e7b1,:2027
6883bb9bac4b532fd5c66ec7e97bb333b8016400,:2029
64bca2c147977c556747fc8405308843a771425f,:2031
3b0fea547482b9a7e691b66409956f8d70e9628b,:2033
dbfad007d21fac49f21eb9fc5383ff73b850a86a,:2035
3e3f01dd8c793fca65eb384887c8171b818a78ff,:2037
f902eb719c42478683c05588e633457a5a0890c4,:2039
de1f8cd822f302318a681f9da992ff9ca791d7e0,:2041
8cb12d394a10e0c99f6021d582f7022ccb102486,:2043
b8d4c96d6ec35424607037d1f20e8e63839c2261,:2045
7c2145fad066f2701170a631e510d619e72e65b3,:2047
f7a45af05699a2dda674a71b5cfdcd0696cc9e71,:2049
16885a3a1c1ef6f18fbbf04e44a9a2b54a532c3a,:2051
e7320013cb3222fcbbff9cda9f7997ce5cc40565,:2056
13bd379f34f96aa036f3f91b3a0723e5a293ba6a,:2407
bc23103f9637d2663d76de8bcaad8070d54b2c09,:2409
3934daa8da5173bde619c9281ada999e1bdd99b3,:2411
5df07aefbea803e6f5a37db2018c1bd9f8d4be4a,:2413
14185676a00c46464ddecbb3cc4b6a36faaec9e3,:2415
63dc8bf44a625c6319460f23ee34a1569da7881c,:2417
aec6b4114d0a636cdd5b79a306082ad733e76aab,:2419
feb96acc55018b89e53530dbc5e753e3c5e89bbd,:2421
595541fea0ee393f3afe9590e35c8835acb4fe42,:2423
a6c08e7be0f5637997985edb76e9aa3fd11afaf5,:2425
f5e03930cfeb95af6b14f2cbbab754895efad8e1,:2427
403ea223572d175bf7cf4df5bffe66279cd39f98,:2428
cf292fa0c8f3f4cfceec47d140cefb00dd8a0dcb,:2430
9e3fb2fdc1e978f69591924c8dc46e4f4a7df951,:2432
8a473591f482f348152923408601e287ac9a103d,:2434
5ce5ddf92b52eb5dfb2af3fcb113db624d0411f8,:2436
aa1674e625fd86d639d619cf6acacb13bd7501ad,:2438
d7c659d9893e3d94ce1581da86325b17ea3cbd6e,:2440
136d64e7ffecf7b36cae824e791cee56717b2c75,:2442
7ce71fad65172be2ec96c3463e23f35a42f7c43a,:2444
5d8dfb1346a34837f5e3db8d42a749deafd091c4,:2446
a7f4eea077e6c3f40e385fdd24c85ba0aeab905d,:2448
27a9debe8988a8fc580717d8adca4f72dd55c880,:2449
cd8911382fea649acf9e9b8fbe5adf2b06f3fcc5,:2458
a51a6f55af1c93504030e489282137fc2bf08c38,:2460
14572af99ccd246c05c7854fde1d410aedbe5cd4,:2462
74a1e765b466b010f4f021ebd57b5faddb39ec1a,:2464
e1a1a62c8cbd5920f879ec54680eabb3ec6b5488,:2466
9b77d5e638b9b654e8e38c1546e59ddc913aa66b,:2468
b66aacec76e66476c220896b2004ae8034e2a113,:2470
2c61b115cff3f7a1a6cc981227bbed52a0695efe,:2472
eb9409dc5fecdcfdfc55b77be9e3642c78e38625,:2473
4e04f895273c084f679bf6d789857c2ed6bc0f8d,:2475
6f08640647b22bb04d3ff636b5b9e6b0cbc2a815,:2477
6f28b7f3b8750eb4ecc7743778cb074af23f5591,:2479
5f23bf9f532efabcb7fc489b0748258f6fbcb185,:2481
15737c8d284365fde7d33dff498ea2650d79e8f2,:2483
6bf1c2e6eb2d54295bf3779318ffc00765c65a5c,:2485
696a3b6ec3d3714414ffb0ee38808dabfe0d70a8,:2487
30a60ad8868294a0d1d8ae77b0b7910ded58d645,:2489
eb61be64853153f194c349826d52df27a56b42f1,:2491
8ff0e0cf8326a3d7c44d0ba023e0c04dacb66118,:2493
c9b69023618297037bdf9f04a90c6df669b9f137,:2495
4c13d3d687751fdb27330b394732a3da1fa2bb43,:2497
6f55a6c5f0673231b5ff8df56085d0658a12c454,:2498
f97ccedbe91e95b6ac9b8d44e5a25a49241ee00b,:2499
a5c938bc5b99caac731547bc0731e6c4a5f1d4e0,:2500
d53ce981bd903bc73043b89aaaecb078d7f76138,:2501
88932a9ed198f1042779061e2e36c04cb5db6f16,:2502
1287620cd25f4d8ea196417c88cfd481feac005c,:2504
7e275c7042443c95462e97c2a04d217b34f32600,:2506
165a546c8cd7f2fc465938bc342567e1992516ce,:2508
b31c5c0d7f2199a3dad45257b94143e3cbcd949f,:2510
89d341a129127487583b0dbc36437c76d6aebd8c,:2512
770c44f7b56bf0738ec92a4e0d006f40b00409d2,:2514
29444ba0646bf1836eda64d4a5bd75023754cf18,:2516
3749f6b0f6171432aee8e9bf40d0e0be4100fc47,:2517
fd9ffe3e0bcba072296a021e1942c740faaa705a,:2519
2063151f1d56c37294757e030a51dbc2bf68c867,:2521
8ac6a238a37cd9d9af562ca1ff1fa6012f37795b,:2523
13512982fdd299238558ce21dd07a300e737dc82,:2525
a923bcc0ad6a8a0e7829cf85c473c06dcb820058,:2527
01a8d6a219a9d0f67d81acc351383119ef52fbfa,:2529
f57f5274d79ee9c3cc40114530a9204a51f28297,:2531
aa8186b00d6fdad2ebe47f86e602a38c5e2b3816,:2533
f7cdb57208ae2b4021b192914e17d73b5337330d,:2535
f14a2f39234a03db4d612c3f76578e87905aa743,:2537
a81c3e2b8e4354bccc266d0b56009822f22dc2ad,:2539
c4f1aa10c1baa8d92b0652f2530819dba53d10fb,:2541
1485042786725fc2a2b38bbe765e694b1269e67d,:2543
e9129006b9849ba9b0c9db1ce1226ed1e82b6931,:2544
e61317016d0b35703973e3e5cb08724d612e367b,:2546
7f106a0113c37337b4fc6aaf81016aa72c78938f,:2548
8565691ad6f5bda103db19f5c0368f9691aa576c,:2550
eb9ce984673e906b7a2a45877b222df90c184f54,:2552
56dbbb6a3bb70bb7763fb6f28c85d4bde1e5c87d,:2554
a7603f9e1783c9af5eb7ca1ff0eb331517bb25b4,:2556
9453742678f090db379bd287beaca8b4fd81eab0,:2558
2f20ac521fc87dca597efa3f096637a0b80393e7,:2560
bf5eee78c049a5b4103a5d6e4e0c49b3e94881cc,:2562
c70888f5c874641ee698ef85313a929d2fb9d04d,:2564
4e21d67eafb2ccf19411b9f9c923ae960d6b1410,:2566
4ab9c8cb6e14a3478982992b14a0cf771fbf7807,:2568
fafc9b2c38df878524ff3a754e4446d94122de41,:2570
8b80a794ea2baa729406f8ae0becc2264c009a82,:2572
9f00c6f567babf4e2b4d4ad2345082dbe267dcb9,:2574
63f30259e021ed4747fad6dfdc9d7566b3d7e16e,:2576
aff7c5ea703aee4fd47f3047e995343674d35857,:2578
9bdb606e945c29633e2d0ba2b861228d4a9c8059,:2580
bdfa68626e1f00133d44cd6ffa6f159635f8c693,:2582
bab0c00cf78c056b76caefcf20ad617e49df4d1e,:2584
ec5ba9e7a24c4e05342412a8cefd24872eb0e329,:2586
5b95a6504cce36d3a493d6c930991fb65ca8f6fa,:2588
b1c3ef5916b521b61c0944713f65d5333221a161,:2590
b18ce027c53e027910f717cad09266797c139072,:2592
11723afb399a30f3fcdbfc98ef0f6f3dafc79a7d,:2594
b902e462def363b30f9e8cc73f8062533e2d8056,:2596
2c1376ca070fb71252cfa8d63ac0e97abceb6dda,:2598
85623fadb85322cbce35eaa970a68b26eaf9c1a3,:2600
66c3737e00fe7d24522b4d6794bd268a09be9f12,:2602
dceeae6f59a01263e434d0f65b45d9fa3125047c,:2604
937bb2959155d1b584c7809c96381ded1ecf5386,:2605
de44b72c4ee2b42ee34c00ec96dd045d596c58a8,:2607
b88a1d5cad7a935be756e0e33e25e76ac4911beb,:2608
349c4d094078bb9268b52c4c89a88392f3357741,:2615
ec657fa13432936eb923f2c2612366e11c013c5a,:2617
cc7b83f6ad96e0ef6a5c3944e336dc2bc748fbaa,:2619
2b9b52e89b81f4c307db9d8e0e778fee85fb8c73,:2620
371b148a9e5a32a6dda871c7b42bbf006b6b6f71,:2621
0b3ffb206a8f10c43049a4e847f62a4175b43646,:2623
69490c3d1e7dd6da193d6753461e69013ae811f8,:2625
09760caa3a58efccc56e8a6ac8fb036a02738836,:2627
daeeacd8dd25abe41c7955ff4e350cabe4d4a324,:2629
bba4f83e50da0176f2e4626f8245781ae39dc16d,:2631
1617c1dd080539324b661427818a9734efd65cfd,:2633
979fa635f92b568e7879f625159b8a706e7220c5,:2635
7ebc49d0869205c9229e08462f446b18a93e94ce,:2636
750339e34f082a9ccb2297d65dac7ab4112dcd80,:2637
be82f22bb070f533ab775480badba49480c4d0a2,:2639
28825427bee5b712e3b8a9522f1ec829355e5b50,:2641
8cf576f7d1ce269063ba69f5bbf450f9b6564158,:2643
36f785d11ff4910906d143ab6448cd9b29645cf0,:2645
b72a758df1c706f906f49d8a9232e752c367dd8b,:2647
4e40f66320404c9437982b961cfb20dbeed2eb70,:2649
c6d281d1da93c0848fa4a121850c158202e16562,:2651
eb80cdcc0bfb40a49047506abd11ba7ceaec81f4,:2653
b62d29178882835a29f5fbdd0e4cbf6f8586274e,:2655
24758a8126b16867af88bd785d8aa8521a37dab7,:2657
d0a041cfc95a36c12163b67e81e04bb0a375eade,:2659
51aaa3c367bf04122fa54965244f5c566f284f7a,:2661
5a4534a4b12845e12254d5d4862b280ee3979285,:2663
b663b8aa48e8e8486d74bfea434671b740c20967,:2664
53655f7b6e7d736838380e28f153ba61882e5df1,:2666
2dec807211f54f7c0e2b6c8e68a1a5d240c2f071,:2667
c037bf2afdeee50cba0e8992df11252f37cd60db,:2668
06b69492c6d36b8c5496330c173e0d2015abf172,:2669
202fe6cf7758618d509311bfdc36f4c463e5795b,:2671
63c99f8858c005a65e29491b43fc70656b9f0e0d,:2673
430993cb285e3be92c0961c37fd5de01f7c98a6f,:2675
b72d25e4079e9249776a72da18b3be009603ab06,:2677
5205d94d0b421ca4be79975abcf6422c335a89c0,:2679
8da49bebff3c31f9344be61497d047ea3a9a0b29,:2680
91000def532aa3ee8affc5ba59878d7eb8fdde9b,:2682
2476527e5bc05fc3cd5ef3da9b52058ddd249930,:2684
b7c6073055ebf40617465b766635312dc405e244,:2686
a5b2132671a97d6a17d3534e37b17b92222c35b1,:2688
4316966f1936c418ec90a0233670235a7a2ce4bf,:2690
8d0077707103038e5db640160888c53a94afccb7,:2692
194affebb82c9d729d24a2733611e3871f051f4e,:2694
189f4c23d3b1e51886e6628f6b43fdf463df2cd8,:2696
c197fd692a0efd5d680896e2ac61405857f22094,:2698
6784eb1c0ab74ef2241ee554fbbdbfd618527f56,:2700
c49bacaa0be769e4fe9ad81d84549df53e086390,:2702
afbbd3a610a98e844f8d0800d236218fa098db8f,:2703
d6186ce9bae64d1015bc4dcef3d565c524e3b709,:2705
b7e1ee9040b832e60067c408cab2c44fee20bd7f,:2706
cd650d2579a88912f665c56980c83822b959b8e3,:2707
e08063114eb9c04339addeb5d272bf20167ea4f8,:2709
db0d15202eb784ced68757ebb8f4b63721e9ccd4,:2711
bcf1a79b720f1ccb04a372bb1f2644a0543e6c9b,:2713
4d74318b73d229a737545d383a43428bbeca9610,:2715
394f009a39fcb20d44ccb5f223aea2c0b78a142a,:2716
ac1672beb970fee6af73c5cb05eadd2bc5e3cba4,:2717
bd9698b729d26b57c447eb957ca842f1f21fec0a,:2718
b7ff438ab99045fda65963de14783fbce8db33c7,:2720
d9131272d0e225f93978cc1c3de33fead3aadf68,:2722
854aeb361cc19d0f559a298b8eabb215935bd22f,:2724
b9e9fcafe171b826b714c954b8d3505efd581e91,:2726
d31cbb2c774b7a0c7bd46ae999ef30e17e0028fa,:2728
3f2736cea9ec0ceb51b9369e2a3f9786d92cac45,:2729
fded7670ada7f6d4b89342b081cea68003dd1e84,:2730
f2a7c3b54214ae5d75a0b1de3ddd50f5a7acfe9c,:2732
ec7cc0186f3b3209e1ef196eb2af149d5895a9c6,:2734
e3f6c9c6570086efcbb50c15a310d5131b1e596b,:2736
ee219e252a011bb6df40f6f31c30d8edef4eecbb,:2738
04a416be23d2a9d23cddca024293f5dfc3504928,:2740
937a06411e21fda2c5126ef58f6a2662d4a46de8,:2742
152b51ac2f919dc56bb0e635d3d3a36c42ec7039,:2744
75351a656b2c611eabc809b0309457fa90169167,:2745
cdd87a68a826bb57e16fbd36832e6b05ca2f7877,:2747
480e77ec93e7824b9493aaee2364e38adcac3a58,:2749
99a0e4aaefb52f79698549d3f85036d2a7ce1e59,:2751
a1bdee22caa663136e85cdef7f25845506ee0a7c,:2753
458c6f08e42002ea8f8018c8b28c4cb26d807253,:2754
31548b386da4a84a334e6568a7300639821db61b,:2756
d5fc863b925e5ad7a96add7dc1edd2bbaaadceda,:2758
ee2c101a725833c3be0be1708ed00e9befe1220c,:2760
657239371da905330b2f0e0717a11cb424dcf563,:2762
4b81a52a4f3facb467d3c1971973535cb2b09b14,:2764
c2aa83a765fd251e765579aee244b5e2c5b982a6,:2765
0650202b4b0ea8ff7350147a06352466df429d8b,:2767
01210e3e761bf1c3e969672f375e22e5295e218f,:2769
312dca7de9f4a81f784da21f5c56e75ab89b513e,:2771
4aee868fce83654bacf2239f4fbfa2196d648230,:2773
261e4dc5e988adeed65b498d0cef7d5b902e3b1d,:2775
ef151f5a4031d834c569d58b8a9bed81cfeb599e,:2777
cefbe13dca9ad2af777c5c3c0c902b186cc5f3b4,:2779
0f24f020c8a8863b49020bc13bb6afa1643e7b0d,:2781
d3d2da6b2bf4ec540d682392cc4e0def9fdeb6dd,:2782
4b5f001bb88f4e4e6bc762ce21811db83f6e797b,:2784
7096a0e7025412bdc85fd01117659d1cc073a891,:2786
e8aa94a39b99238c1ccd9b716e97ed753d5f411b,:2788
99292432e661d734c6c3091f54c2ec6b65c2e9ee,:2790
e153e4e2a6e99ac562dd214717b19b2305330d61,:2792
4463352e20549fa66ab45dc2a43c19e2652a0693,:2794
c84b20515d1e4e6e96bc1e118194d04228045b28,:2796
f3ee3ff209b48f41510377e4e0d2c7f90d07da63,:2798
8fe548fd9825c78248c733152ddd6c6466ff51c3,:2800
70f1856e7acd63f7a298b41a6c0d6d3f60207545,:2802
9372f02ce952bad55b1a669a7c58e0f791282955,:2804
932f5bf05cef4ad8b9e932ae6202dd04cb9c7d50,:2806
6c5faeb46ac5f9d2d11ac58ae3bf9bf3498d8f17,:2807
3bc8edf1bdd1f0f651742b93e21b5e531eff8b35,:2809
d93f56811ad1ec201adfbc6e0fb870c4777b8470,:2811
b7083815e732dee7bfec7c3a2e53d4ac391efa62,:2833
161b0776f139dd2fc26af2fc12c0c56cfa8043d9,:2834
228b3cf8e9e4eb94a95f8d1cdd2d01fc18027a1e,:2835
c495dec5298ac2ca20a55028a1f204b4c70ccb1a,:2836
fff50dfc497d5eb7ad93bcc51e359432e9cf1580,:2837
b57fe6afc902816b99fc59ba745e8f28a5d06a1d,:2838
06e19081350ff1e60463b691ed69bb1f9f68e1fa,:2839
db4ec1142b61299d99f99cdc22ea0e83b2a01bf1,:2840
6146b405bcfb2c0432d02d973bc9a258f0725028,:2841
bddcde412557ad15592f9d1101f83fbe38846ea6,:2842
9e499a0d095b76665b67dae462bb0a544dc6a9b1,:2844
7c0cc27b8397e39b79caa314c0406dd6eb5d547e,:2846
1dfa3b020770d5b5f6ca332dda1cf3ddd43acf68,:2847
be58a4c5e7cc8a1d7b23c6b07c2f122be0d7975c,:2849
096ade1ee4e5164acabce2144eac721bfb04c362,:2850
3ccdc1cc582a43540bbda855c04021a827f608f2,:2851
f4fd6d26c751fdb7ce221ff29f7ee10154d666fb,:2852
ee8f541608eefa060e2a7cb1bbeec43e17f6610c,:2853
77d0f4ac8edc7892a56e8d6cbbd2a37c7bb8d32d,:2855
2343d79cecd682acd5472a9a04bbc0efa92ef837,:2856
6da37a2afa3bce472cd7f83913817483f026d07e,:2857
5927342ba975cfce9a189ef4aa30ec817d29be0e,:2859
221717342c54496557121b3d595520863702a946,:2865
b038cffc3733a91483b5a9a05e3e5f7aef46eb72,:2872
52cc6144f53c3832475299932821be976018dd6c,:2874
782822a97960e78139daf8e6cc637fd3af1ecdbe,:2882
87c699b36b522a97b4eb9f758eb77a03687b7c35,:2894
9d3a3f1bbf3d68e5fda7ce89d454e4090b51c4d2,:2900
694b7b82cf6dc100f2fdccc979bfae23818aba83,:2904
98301b3d4e3dbb204d232e677327f9a7e6b406fb,:2921
500f2d4fbbde9ca22c1fa877c0f37c60967117e7,:2923
e6c4f90d6052460e1f096b7fb5cd25230082670c,:2925
66d2b99db4d55841bca60d910b35583559124569,:2927
7511990e1cc117c51b2a476e608bc9f8a7aeb869,:2929
50e548a76aeab0b7647e22cb048841cffa8250ab,:2931
4291e118eff688b743025c76684a476e37b9566d,:2933
4ef43ba1c4c8431774ff1e0f9f122bd71cf50fe6,:2935
d1a83fc853e295c595e5f846b9d63a7eec5a781d,:2937
0d3b68d29d111ecd43b2ee332c8c75a8e067e490,:2939
530b6f575d61428a3700a96b09631ca1c2fe90f7,:2941
d8520ca2b66ea9a2e7a76d6ae4a81448344921be,:2943
41da059b99898e405424325b283a877672a2179c,:2945
b444c2a2df60d558877fda7f8f4652602fc6ab0d,:2947
cdc9a47fd4e91ed17bdf329709d33e244b95cb41,:2949
630237cf8b32600d014e7f34eea7f885e56e1b27,:2951
d7f7c74ef1280e3f62d69847d9338a6f0edd8ca4,:2953
c9f90a6f9c22e3f5af43dae9d25b68da11b3ce71,:2955
88666a33f14074d1e7a96c0b53dd14039fb5a7e7,:2957
9969b3b69336b6dcb19951ef223c9496ce8ad2ef,:2959
27d8de1ca320ca85081eb46bb564db4a8caa87bd,:2961
204eae61e551ab37e4a540c3155d3809613245c7,:2963
b6a40901661b2ee9573fdfe6dffbbb883b24229a,:2965
c03f05d73a3f4a569c458fc5d91e70716fefb176,:2967
80fd7347084bbe7dfe51dc34208c5021e112ba3e,:2969
5d6e59cd742935ce6ebe95c34ca2f475e859f402,:2971
b4112d7440603e8dc15546dcf24468b4f5dd7ecb,:2973
0a1fb4bc579d636a5f41abfe6faba4c9f5586ffc,:2975
ddfe4fda1ea4196689658c92602291f16543f53c,:2977
0ee718ef18836c7845d4c011820a9b74931004d4,:2979
bb726d3522b7e4e7234dc4f0eb27dfbaadb35d5e,:2981
79328965f022af667e1c482483a50df874b92128,:2983
6c350e14a6054afb3edb6e7e7b9ac6f30cc082a9,:2985
e274ebc4c91549168b96d1b90e04d4fa2b18d6c7,:2987
426b405ad0f16a574303c0d9d9fae9c1f9bdc2f2,:2988
87d1a4ed9ec2241869fd2545b0fc24b323907801,:2990
b514ce1d7820173fe2cd4df3fe6d30b3d0972ea9,:2992
27748cefdc370273e8378e29446ac3e1ac53f36c,:2994
305a05b2e46c7051a973dc63decdc0f2b305257b,:2996
dcbdb98eccf2f5022cd7afe55c2f4370ebe02294,:2998
fb807e276aedccdd71bb99fd09d93e10aec5e8a5,:3000
b8bc0aa0318f70df98fc3be4f1ddc0d08b3f9d73,:3002
241b425771af48439ee47b5f90565237618129b7,:3004
dce59a33c0cb42a36547b18d39b4dd3a20b3ab3e,:3006
4d1660fc5f77a809406d5d487371c787284676f6,:3008
2ca56edf9bf9ed6167d010cf8b04980c324d3417,:3010
bf918c0e074528f7d0b1ccf511b2105734dd3fcb,:3012
595caf2bbc8c58db2094a63f6912e878aceb8bf4,:3014
deb8fd76261706692de3a986d500457cf6ea29d1,:3016
3f02251fc2094ba1c6988ce9727480e28052f259,:3018
6411ee3694f9b228af2103badd7d78c733a8c5ed,:3020
104bd9268fe6330cdd55ebdbf4a47fbeac0fffb3,:3022
65502fa626f902f5dc5e11a093bf6f23bf33af8f,:3024
233ae9ff65bb81129464db640bfed02e68ab0397,:3026
c92fc9ef0759d562d790160751f1ee8ec6f498d9,:3028
23d8b87f1d9e69f955d18b39b004298f52778cf4,:3030
443ee1e60e583278776b65eacc8cc8bc44a5e19a,:3032
906c0838fa32f1836820f28e3939997c2ab214a1,:3034
4268afdc6a73a2d78db5c2b9d463583f091bc213,:3036
4c09b45acb8f3853eb3b81fb8b8e595832d24c91,:3038
28fe8f12cb4a7116ee965b9b62b4338a1e6e6d09,:3040
fd4570c2d06c336e021399599a3266b86b0adaf2,:3042
054925a01e653b49aac19a7269344c81a1c9eb0c,:3044
8c7662eb82c7af64a9d9e9732a7fe046ef12d143,:3046
2c871101edcef938985759d33af2a9621254d41a,:3048
f0f4215ed2b6b07e967216e23d310836c5d2676b,:3050
edf01dc35313e951288f3f8c7aad433ec84dcc1c,:3052
7e9639b51d621e9df1fb3672a319712be517ae7b,:3054
ad694f70fffd02c125023718adcf88df6e74750c,:3056
aa43274677a66631c573d40ad16207ff4b4254c1,:3058
31c8565bdb98f847256d7bd6d1d5b7e3d1075915,:3060
9fb754f57b182d37799f38f37e2c1ebed4df0c99,:3061
71345d36b7e3e8d1813e8a8ff683ba2143f8ff7c,:3063
aaf841318e44ce28f944541b25cbbc300fd0515b,:3065
abd7300636055a08d15b9b5e88891c1d833ef363,:3067
b4e759fc9dc5ab8436fb9844e11e52635b09a664,:3069
995e24841cba1c7dd0ef1386c082838546fe6941,:3071
a42963a9ff294ef45cfe0ebbf781fac13f57c7a7,:3073
f7911f0278bc5eca04bbb2bd4d6ea26c7a96e55f,:3075
32c42105b7aa837ed824b58c4b0a5b25a73f080b,:3077
ee097a2300f658035877b75cbe728f18da7a310e,:3078
e16226f341eeeed4ce13d0e7bf93ef9f715c5cce,:3079
32ea29db52faed3b61d3b532b61d5acd28bc9dd0,:3080
fc3137ee21569ca52d5670d933cec3ef87d9e01d,:3081
6436341f7a0309209aead2a9ab9227974c54639b,:3082
04e7c830d24464cdc30446e2cb3f7953b4be4abb,:3084
454321393ef9364eba21e5975aa8c60302335b7c,:3086
a958aa36458d8cdcea1e54d335e3e5f23be5a6e9,:3087
449b5844f2e62f6133fdec80dd90f62beacb9af1,:3088
c2bdedfca5045ccca4099346e0b041efc4b7f05d,:3090
9c061f7fb8755619bc0f82e03cb4286adb864d84,:3092
dd3ddedc7dae0563a59741afc29c148a6197b085,:3094
ea454bd2bcbef93634dd5750ef1031bef54aed75,:3096
0dfaf5abf9a28171476d8f5083f6412d3d38c676,:3098
15ced7dbcce9be35707e5d5cb52854d9cd4daab5,:3100
44b25e5458e7b344d1e2f3ceeb5aa98647fafebb,:3102
f0bcdfb3b5dc7e5db380b4421726d2f51a3b3dc7,:3104
ebe7fba92b5f347c9d19c379dfac71f12f8c02b2,:3106
0048eecefabd9b5f761f31d12766894b4e32f5c6,:3108
9e5a9fdaee8d4f5a1a608e7b160d543b458d5a92,:3110
17afba04592df829eb17812f2f1b2f5a101f450f,:3112
1b951b8f70b810297ba6400d9b65e4605906df83,:3114
cdf8ce1386d682bc74dcf3bfc70bf55a9399ecd1,:3116
a3099ab810f15d38fe10efd6a001899ef4c28c03,:3118
a04b9ea603db7c35bbec65fb4174182887b1681c,:3120
c81db4cd904fc8e1fb98927f90f311be668a933a,:3122
ca78a21e87968a18f0deaf7a31e15cedabb42dd6,:3123
23f718788d1e4a4c5bf4a9470b61c0b26a45fb56,:3125
b4b996a60493316a80b1257df114dac744a7388f,:3127
2ead85704c5f67b0bc899504937a62b986a39ead,:3129
2504f92c04aad55721f5ffe1ba75eb51ae8f30aa,:3131
ae14d94dff098200a0b40feecae7caa166cddb5a,:3133
80be9423584f53d35287ec2455a2949665d69e01,:3135
8b8482c1784ca132f479a9725ad31809260d1f0c,:3137
55c0a00a0586c2b1125b3a4df9f495ee59688ad4,:3139
b586e767099c068a59a14f3d538c2756beba97d5,:3141
c4bd4959cace1a123d9b122d8d4a956693be8191,:3143
ffda966fd2ab6df7f3459453689680e0ec5e8ce8,:3145
9b7f31c822c8243551a1b5d0c44ec568348c07d1,:3147
414fe767516337b7d3a9a20fe8cd0ddbeb06d1fc,:3149
d14a041c142f1d982293721ec52b08d06b569f0a,:3151
186c93222a71025e9f023c5404ce3cba533f2853,:3153
041d2da56a99bddfbca57e75b70ed57c2cc260c5,:3155
d8781e445ebf9f250d167259902ed7b2dd5f2756,:3157
4eff0441b0d61c09799058207d47cdf395578e92,:3159
ccaed7025612fbea45273ba4ae12ec11500a8178,:3161
b31abc2fc9fd20ce52bc297078e5645033dc17d8,:3163
eba98ee13281299c0067276aaf36c6155aadfc68,:3165
df4dcb21611bae837d213ceda6d344d6a87ec209,:3167
a79d843d0adee2c83e4efd8cfc48d982b42b3c89,:3169
86bccf3b93b6658e978e566b57e9a895515c7d6e,:3171
f0a96a28d3a7d83125d1946e6c4c992260ab6cd7,:3173
898360deb2ba634073a989fe93428995ba5c4eed,:3175
564750c8b032dd8266aec0cba5aa665130d0cf3a,:3177
ada2ba887999c4d9027d1e4fa5415daf73eb4eb5,:3179
776d066ad2a3fcba7f107453c9b25d4459480f58,:3181
65b6ca9b63aa46b8ee5ba07aea62273cb5dfa999,:3183
300adc31b3f9aa1ee0b41027736ceb4c46ea7bb2,:3185
cfba2ffd1f6e9b2bfba98dd08c8e685b98344550,:3187
7621cf5d8b601efdb2713aadce6b398bc663223a,:3189
d40c6d64175291e7ff2382b8ac6887fe892a4d43,:3191
4a90d2a073f3766ad3ef5fcb1e46465f64b4784a,:3193
aecc7785570118ec22b108add7edba94eafccaef,:3195
9e912392d7a80a066e15f68db2ae411ade31d9a5,:3196
39ee9ff74708b6a6f01d11c10a0d78475520deca,:3197
0fee12f940ee0e3a4928726f9f64d361c1cc8998,:3198
ea029c2844dfa69c4007cc2fe3756679116d782c,:3199
016d1b775a007c7b0e6cbc27b36fec01d16bbc66,:3200
49e066560b17553954893614935f3cc3e4d249d3,:3201
03bf120d458ea88a8471cb298345e739b749146f,:3202
345703a2cdaed5e43a0dda648525668f913aef9a,:3204
08eacfeb961a06b093e8c95d324f5954c22bf213,:3205
d3557c796b14bfbccbf4a43cc24b650b2f9c73f4,:3207
513727df3776bcfb7da4bbf138e727d274cd8afd,:3209
596986e8cb9f48e522b91ba2e5007a393c19ad8b,:3211
64c494652c7f7222b78a8a9c56e0bb022cf0ed5f,:3213
1428e7b4ce003534f98bf0b6f9298e2ccc887585,:3215
da2b47b30f9cc90c2c52420bfbcb40aeac643ac2,:3217
8480ff279d9b5d2c225685e93c52b48a9d02992d,:3219
be1517cb5acc1f4c74cd083de66535bfdc12957a,:3220
e198e00c3b4dc75d5cb6a2141084ab6e6a4ccf67,:3221
30fe5f67204ec803af5aa8650d20890b2b906cdc,:3222
8565898106fc3f867ba90b3527563037bf0b3efa,:3223
68e894e2cec5c9a0e627680b6ce0ede470e7c8cc,:3224
0c45067a642e7c5bccba83529cef04d167d13e67,:3225
1656ed218b6b0c1a994a5c4816bc3a56f001e62d,:3226
3485c3ca128639824cbe077e983e019a9da30815,:3227
c64eae630934295f72097dc1c7fb74a8a11c02ae,:3229
26e20ebc69fd7250562b56cd1b6525da41be37e6,:3231
f3453e5a6f0bf754cb75d772e48851af3468cc64,:3233
f6b8cd4fe2ec13f2301fc7bb98f7eb859ebb452d,:3235
875fe5164ee1ff373a432085837e8cce66829814,:3237
3b4e60c6f508d6dc4baa6cfea398397ce8429a58,:3239
e9fdb8345b710dd3a9b610ba9124fcbfb6eddda2,:3241
07ad965fcb95ccb40437385f5a74d4322e9b3db9,:3243
a70eb616bcdc9f591d138a582b5e25cc5a6a0dc3,:3245
b59f5475c782ac8f198613a9d07bf0581317a06d,:3247
ef707c7d73e825b77b5746f754c1aa0c4d609a23,:3249
77823d188d544494b4e7efb3aa3a072636b5026c,:3251
df30ed35a18ed03224e9a8d078549493660a1b6a,:3253
5af2726c7c09c032333e546e512d5ec50659f167,:3255
f1900223b9bb0bc7ae4e25c3c21c1b4c3bdffe6c,:3257
759881fd8b11569c9238ed43b00e99a944a7c270,:3259
7c809eb1c591fd96803cc551cf37598a957d9917,:3261
fdf4fb31fe4d6167b2c2a697612d9933b3a40664,:3263
2851a3abe8f422fd72ba3811bad60df2283b66d4,:3265
48511f8057403e4940c9ed270f39e4c5ca0e4171,:3267
4c792ee63fa0b7375e278531654c5fd69d9affa9,:3269
02acb0e38eb6f74abc554a67940e7d01bd8de2af,:3271
f51269f47ca30b472f37456ca0f16483d41415fd,:3273
37e7b1181ba3f807b9bf5f36439c2327cca6947f,:3275
7eb45be3e83b11c2d2ddc78b83ff67da68ea3b2e,:3277
d20013848678adad42f90148d371b93a8bec16a4,:3279
1aff8b73bdd3facc8076142a23f6457371b6d38d,:3281
85a75bfb8661b424715fd91b4daefa13a999881f,:3283
1ab0fb6b763403c4c3e98152f77dc5f047e61943,:3285
12b459109ac09733ccf6321406b8ebf5b31a3658,:3287
0b044ce31169e3901585ea305bbeffba64a4c734,:3289
0fe3d7e02ded6847d4a4be4c1f9e49b29f2320a3,:3291
bad4cde58f8ed9c2e4a905626185392a72f178ad,:3293
39ae6fc76b65f11830b25842e62867fa3eab4e04,:3295
bbeedd476701aeea58ca490f7e07f1249904e6fe,:3297
2b0b67d926452c016e4c634f402e71fb2f7aed46,:3299
15b8f750ef1904f8f2bb2909edadac6a676dce14,:3301
0164a3d3db9d013ef0bc5c215d1f34da616c7349,:3303
89bf3f70639d4aa60a9bb208d46748fee2a0735e,:3305
d564ad67fb5f9a7b4947350e3012b5eebebdf899,:3307
c5339b33833254d4d6a172006d00c2781142862a,:3309
b29a992543208da23db10ae536bb34b45185742b,:3311
67f4a1b83067d2b9b67eacb08f2ca77aca76b9f0,:3313
7823b9716031677335fd9c711f368b2eff5976c1,:3315
84a6093bed92108ecc9075c4104405663621fed9,:3317
bce4fd4ecc1ef1c16adc37e7ee32f1411934cc53,:3319
ce7504631407f69f80f28732ec592a234a81be9e,:3321
ea7027e7b7a6b022fbd2689e6c6183794eafdc04,:3323
b81ca25b69ab62611471c5f63ea7b14e59ef61cf,:3325
e22c88126b2f655ce9d08db19e2623605d5eade9,:3327
d515bdd5687826eca30d666c3576ee38caa5bc60,:3329
8c013a4c1a3994000fa9d9e8949b880f7cf8b6e2,:3331
2d296365b557f9147d294a7a5b041e472835e117,:3333
94f4f9edc45bca2b743dd8fc62e77262770c1cac,:3335
482a93de6195795ab6ded40955b71edc96287d92,:3337
227e57ea43bb0cad377df479c26b16ebc06e8a73,:3339
9f1345b7e7e5fd8de14e9a038d2221b771a52a60,:3341
4fce22cf68a128c269cb2cb4a5786b94b90d458b,:3343
3f4fe521274ece22d81ac0686bbafd027dfe8ce0,:3345
2b82abc5863ab2216a883a5acc473d0d30455827,:3347
18d05b06fd13e2aca3d3221c1e51656474fd8ed6,:3349
e49ca009c4fc014bd8bee88a9176db781502aa62,:3351
f7a3d13912ffa10eea290c59984894b8510fa7c8,:3353
9a021077172a893b831ed4dd669174cad95fd647,:3355
4aa0b41e34fe5937e3ce347632b9073e570a122d,:3357
b3731ea4d639af3ff79d0209289e9afd2ec61066,:3359
2a40f5f9aaa7f4331dc44c91a3cc29d63a0f8ed9,:3361
711e5829d4c2fcfee06497e0a8608a614e321210,:3363
cf292442c273d747d1f65e7d343d7e0c6abfcab0,:3365
02bba67edb1762ced55fd09662ef48a3ad2e4a1f,:3367
ef2b9ff9ee1246a8b2e583684ecad22d8c5c5695,:3369
6ebc7c77c2642943a759b385bccf9ccc86aa0b9a,:3371
0abf628436bdf19a1dcd9f570b209cd2db525a48,:3373
979c6537f8c5b57b0ebca36e95f8899ff5d512aa,:3375
2ce801f6826f4272bd0d726e63d53bb4a673e7ac,:3377
6f1c78de4d85ab6feb6b23b915b73ee59b58a0cb,:3379
ed88aa799daf7113d175d76ec8ad9f2a7159d2a1,:3381
9de07c51aac851ce5581208d26092bc12a5da05b,:3383
0ebfb0f712e6058c18709e00e09ca8563564488a,:3385
05b2834438f234506e681dedcd21ad1dbf836e66,:3387
9f3caddb5b6c6287a387acdabb900994bd5fc8d4,:3389
0e812aa3896927909d32faabe63ce66579f04a82,:3391
82026460e86f3fcdafe15991c097990025dce04a,:3393
3c6c385119dced93a081615604d758eee2e48df2,:3395
99822d6aaecf8cbfafba89962f91ef053226bac4,:3397
81c85d0bdb664254564823fe9f69e67032090613,:3399
1b027119dedd2221e9d64d9cb9e4420062fce5f1,:3401
999d2e06938bebf8e554dee88ee1fbbb01421efa,:3403
8c5f5ba877c2d0eefa2b39895daffac3a089ccb7,:3405
ec4c8a728e283f86a64fa97bee4b70ba92bbf745,:3407
267493952d5ce186ca911f9563c37c424fd65d7d,:3409
18dda1092f3312ca22104eb5edfb1cad21d0eb10,:3411
7e52d4e3d73b919cec25bb0f17367be98c132fdb,:3413
296d0a42e6daa43881bb7bd05f13f1b5d909d9bc,:3415
716e8cb0837ab19aaebdfd2828611ad7a8de421d,:3417
c3e29022a5317473e4930eb8f71a335e15701418,:3419
42e555e06cfdfb67d0257956d1d94c345b953e03,:3421
23305b5f967cd0a48cd15257d5b106e88846197e,:3423
e3b102f119358a7bca4af5204b684515d54f6e3e,:3425
263a1c7503eed52b5d7ddb8c8974f42cdf29db0d,:3427
1634c983c5e12aef29df615207126a0d8bb71e30,:3429
e76b531f9b14d338de612e7bc0ecd75b6865a489,:3431
8ac255dd964b0df81b2878afe4628347016879c7,:3433
b99dfad839abac7e3760926409e9e4fbe6dd97d8,:3435
7736b3c29d6a1069c4f6b3e44157040e2bede705,:3437
4f70532bf0cf5dd6ea88e7a3fcc8978d258bdd7b,:3439
0b2b811aba721d90b9735762df398479aa71257c,:3441
60919d4e0069e57efc3b7ed37d0485c63a8a342f,:3443
d9341b515fdc487d3b7908e7df5b260872243540,:3445
7a90cf6daef69279f9615680b9a7eab5bee99d41,:3447
adcd8161f3dff8d1c50132aba19343c0b60d165c,:3449
c57a4de32dde67b3b521b3156f0fc232b829af8f,:3451
b4bfc605128256e1c91b0b24c88e1f69f513c5b0,:3453
c73f823e86d460e4003cf990810788c077fcc319,:3455
b4f9482f3125aefb5cb0a97ef8d1241de2776e3c,:3457
25163912aa6e1271de2359a220542c1c4de42aea,:3459
e5bd2904b740fb43a35fe38e320c2e092933f4a8,:3461
09ea09131703bff1d67fe0c1d05b15b51dfb898f,:3463
1827c7a29b1a3c1c88e29237b335a16c91dff31f,:3465
6dc56aadeef4c84c65045a4dadb3896cb02d03ea,:3467
6fe7f7859c557e96da7bd8a04f91fc6236581359,:3469
eff68f831f8b8efc1ba0b994af6e05d5bd070262,:3471
9626cd66ce3fd84bd62f8cffe2b404fccb04d0af,:3473
a3718deca735fa91cb47ba40fb24c0791d920327,:3475
245e0838a9258b83e64d41bb6acd76d89501fc06,:3477
78b8d3ce1148aeeb2e7d1497695a08a9dd129829,:3478
96a4c4698620d3d4b2c9227a283857804a3992aa,:3479
9900dfec9ccf1159e44e6a06633bf8b7b31fff03,:3480
5bc5c6db4bff6a524979d334585a57f432ed4bb2,:3482
dd3057924856ea607a33b27899449de808102ec8,:3484
a1c993dbd27366cb32dbf1c2303290b6de231396,:3486
3a0079cf31c8c1604f27b88ec4fa614b5c3386a9,:3488
23113080fae250b06e091ef500f9bae52b0c102a,:3490
0b3bcfd116403574bd433991ae86fd74c5c89096,:3492
6bc2863e7fee5dd43b5942192f387cde80271722,:3494
491092307de66b3e2ef03f72863566808c3acd1f,:3496
ba7e36bf15c4f62d59aeab9b71b69e75c68055e4,:3498
e4976cceaf0d12a0b8fc2118b02803d1055bba35,:3500
f32748cd6d5244525d55a3200735298e66a7ea5e,:3501
bf258ff757b0d218b8ff134c2fb30d05c3cfacdc,:3503
20185332ebcee823133d9dfd8971233058d881dc,:3504
02d7d609e19dace94b2686685095c8a196c642f2,:3506
c5e71d7447b73eb6fdb70c605929b03956427674,:3508
7d29002d3a78546a828960b867de69312e059782,:3510
7b40b1a0ed871a64913335ed914fcbc388337307,:3512
6c177f4835315724a653e496270741766281fdd0,:3514
a50b1a3036f0c10b60b3f48448a243f24bcf4b55,:3516
e9a100878e35b4d9e2bade76c7571aabc5fc8429,:3518
2c015083bada29a1687549588b24324bdf18351a,:3520
014649f859ecfc872544faf528c6563da721c887,:3522
87394496c36a523112e6e90cbfb8694fe860b6c0,:3524
204acba8853dcbfe94e8402ff07c38a83105afe6,:3526
3ef608afbbc0ccff430c5d844cfc201cd08f8398,:3528
1f05d58492f47deaf6becfd5181447261d8f5e26,:3530
84f25ecd69de5c2b0dc50689f0003bcd98b3e4d5,:3532
dc11b035d2f667275e362fcf9c0adb8acdd5fafb,:3534
ea277229eecaae41604fc507455a8bfe90a3039d,:3536
a6fdffb49b69486fbee9513207adf0adb8bbda26,:3538
2e0ae1f8afa6fc87a8f23fbb095c153dea600eab,:3540
0f9f905189249834ac19210c8d262782c8c646fc,:3542
1533c3f8156215ac5c86a527c4ffb49c601f74dd,:3544
4ac60bf4a6120f109ab97d4c98e0d756a9ad8628,:3546
5127f1b04aae9f506c53a35a76f4289204caef5f,:3548
e8fe7fdf7838471603601c659befecb71c9bb47a,:3550
dcd2776e1719b715d3a30f2d267bcd40e5e3b0b6,:3552
042a99e1cc0e852a6ea9d251aa8369257b6c4d79,:3554
76a8548f3679b486afda4fe9ea6885171e033239,:3556
74e8eadcf58d5b60b3521f1230b36792a9ff37b4,:3558
80da7670820b32fe26152335ea441b60f3544cd9,:3560
d75a407aaa19d077cdc2a1f54c7977581970485c,:3562
eeccce5406085dda503ad2d397d7f38f9d464795,:3564
a55f1ee59b9ce1e1ee1037f015789a84eeacfa56,:3566
6187ce0ec6be3dee22a63b018524e260d7c82e51,:3568
f73c112c7ad82ce508915a42557d4240fa0ca3f8,:3570
feda26fac5248f8aa6302c5544f7c0faefc7fb9d,:3572
92ca41aa588e9bda08a88762af6abc9bbcba06db,:3574
e60053a7ec65995fb3c9f3f32a2b9d045b41c3e4,:3576
56395da3bda60eddee2b26fc800c422a0094b311,:3578
a33d40071020c36932889a1745579b45fe7f27be,:3580
a4a6556e3243758ade664df867375f31729d564e,:3582
6249dc023088bbccdca410d7563c2fa09e4d868f,:3584
a50c8443f7c39f65e7e8a78a08713fe759a3d8b9,:3586
e1e2aefc846d1de17d97688b3f1f68e04464ff74,:3588
fe34f57410d204f00e5b42d284cbde8c5d8bcdaa,:3590
7f0d29e3761ae08e1f516934b0ac8435aabf8120,:3592
912958898f2a024b6c544e094ac47106909e7905,:3594
3aeea5916ded247068dda51354ff38db7fef8d0f,:3596
22575aaa72bc73f208e5e03fac024b9525ae429f,:3598
0a09f32a6ab157e77a9ecd3bd42bba5e169a9fcd,:3600
7c9323ec50c4031d4297b8e37373276cca616916,:3602
806b5b2fbe0f960753555e560d213404f32b3893,:3604
486f4f5c1b56faebcf4e8a26fc4444073065cbf4,:3606
35a77cbfc6ca20c47eed3820e9c27a1b6e8123d0,:3608
ab85e1c4cb1f4995548da1d35111ac0e6a867d64,:3610
d3af7c173470ffd430a8b220fff72d3762820296,:3612
6a8cbf09b1929fa1ef29b67e2429e1670cd8a45d,:3614
c1a9a62be046ea448e9d31dc436a6dfacb59fa62,:3616
92fe309f7d349e942e2c4bf5b62aa119aa6efb5c,:3618
f89674188fa254e10f0b25e978ccdf0e04762f81,:3620
82eff9d4bf994cdbdf51941b86a30687fcee4d7f,:3622
0e41c020a425326c6c095e266b28f41f3cfa3050,:3624
4f1813309972dc819b9f9bdf2f36675899454612,:3626
8383b6e14173aa404d601f9908539101ff70e1d2,:3628
f8117885d0f471c6889c32c9efea6d77ea05e4a1,:3630
3649b7b29036eaab42680660c742f948ef536b28,:3632
36fdb5af139fced2750c97ed817523c269f9c454,:3634
05db7cfd1e660ca715b18cfc7f32c9ae16b82f16,:3636
86d1601a66860ded7a43090d47c27253e4b972d2,:3638
97b6a6de6158e1da578781a4729db1de31f89b31,:3640
84c609d5cfd6cdda0755e73657dce9a71127f589,:3642
6bbd459dcefeef55f911aeedd60b6cf6c9a56593,:3644
af04ddcfe8fab41091d156d46dc74b9a5a4d8409,:3646
9f544e2f1e3ba9b9b8e8779e934953df757b1e2e,:3648
bdd3c13fb9ea8df3e6695ce8804264d8f9d5e047,:3650
88437a429737828bba1c5c5a685d502ce536d647,:3652
13cb86a5ab50cc8e7be47a120e9ee08842214e5c,:3654
d2738274c720165aab31cdddb41c1f5454cfe30b,:3656
9541956916fa6e1782ed115ce371236bb33c49d3,:3658
2faf330071ffc83c38fafa234eae17a053cc8f63,:3660
7ae15d69d4e8d1199afe475da93f85a553d276da,:3662
545bc607e403c664b7f8f327df3f74e0135cccf2,:3664
146b0355bf3d064eb974957197c2fbea9a4768f3,:3666
0f8f46044abc74d8ccc05e5b85ae9be439ffc026,:3668
98bb3fae54120068f5cb6079f47773905c100e7a,:3670
05a4f58f968e12a9c12b299375fce530da0a11f9,:3672
52f68f378693bb4c4d92bd49ef33248dbc29f4be,:3674
58384ba602dac0060edb05349092f72a175a7b39,:3676
bca1d2f2df581132187bea39adea5a858093615a,:3678
57bc606f4f8630301a23b73f30cadbb2ea737495,:3680
df1907eb0ee3095246083dc3b0b7d7214c693d13,:3682
f6e770b40e9918214a4b66f1ae5af76d37389723,:3684
8e252f08dfc798dcd42a8fd6093d5a47a5a9af8b,:3686
c63c44ada196f268852e2487547db47658eeb3ea,:3688
54e370fd35879f85eea8745196c5f867d4fd6794,:3690
15fefa7d5cb76faa51b3dc6a411e6a0810c84c7e,:3692
9fdaa310e144b2b43c9670f5ae2cf5ec6c51b3e9,:3694
8b7ada9bc04f7c3f9909c4cc99c5368199320bd6,:3696
030ca33100f68ef6443c30149ada64e53bb2b55a,:3698
3a7f0e3a3d00be209627af2373f6ee7b122d60c5,:3700
96019ec4c1e938174a7ff9d0ecfb22a4f22a3a7d,:3702
7369d37927bb084e0b241073a7d9562bcd8549de,:3704
1c03395883546f7298c0d98a3ad4973890b073e3,:3706
f7075f15db7178a3568ffaf0d7f9f5f5a3210bab,:3708
d68c0c617c11e0eca13e08a96efac10561d52e17,:3710
5e87910106a13a9b4a1c5f5fb6e11d23765786f5,:3712
403dc9435ce98153e149d790c12f983f7e3c8712,:3714
fcc9c2444fdae8882847cd601d9d736caf0195af,:3716
fd90d49c052869547f26d5da7e674da2a9a2f791,:3718
a7af82d31302c7329004dc78a043b05b0c9023c0,:3720
7068516f9a124e8bb93a9e651c166118b39e4bb4,:3722
cbc16800f94524466aeeed7eb00fbf9ff7cb88e5,:3724
5f4c485f141db89904c437101429fc97b1bf8bf2,:3726
0e0bade5d000484a1fae49a1e10c5ba6fa603572,:3728
c34dddc5a2821e3fe50f405e421f542edbcb9dbb,:3730
470421133022e963edd2a5fcfcc9baa62cf7b722,:3732
b951c166d595a3073c050dcf8fa3de246eba28b6,:3734
a3ca7a05ac4a797fde2214db4107895df9ffb861,:3736
316366eea3f1d42042d5dc4b079abdbb646f1ec7,:3738
fff720d942f29bf7109546e690f7af96d63005c2,:3740
95a584ff627d3f7cd397aa7050e3c1156ff70a3e,:3742
83cf2d8e9e0e4043b4854655ea8bdf666373db4d,:3744
b561d686807ee6d1feab37ca0bc3a926b362100c,:3746
425783ebc913b18a8adc36a8962308931a52bf68,:3748
3ecba5b703c50c95f0cb57deb8c5ad296b375d6d,:3750
4ed682bdee8361c2b224429dbea6534aa8dd752f,:3752
0a7dd5e7d1f4fd38787702be4e1fbcfb907e2231,:3754
7a99da2459872a5a1115701d0d3081cb7eb4c99e,:3756
9737a8cd6c0a602badbd969bfa8bc2e529ef421a,:3758
22bd192b33ef8ec7c1f3dfe3dedd9e2b3c98825f,:3760
b1f8fea42a432b02950522fa225623f66b1732ab,:3762
6842006a2e96090d74dce4683cfe8833b729807d,:3764
bacfe39dd117988972b1d9d2de14092427a62766,:3766
8834e81007ce9785aee143ae8246b1911d0e6135,:3768
f9224662475b8968e4813b0c7d7d3e3b80b649f5,:3877
52f693c77638276c19564333b011e9a624f21035,:3879
a50eb4e025f82fc4ace5176b318a617243d61cd1,:3880
7ee2525010b5e595589683b3aaef1fd3184dd0ae,:3882
e23267fa3185193a1a5134f8f065935431d60266,:3884
048f40c6dbf0b3dd60607c630575e4321f772b13,:3886
26e4a2a1253700e466b8f699bb8d67b52fbeb1ce,:3888
aaedc70d60fccbcc3d5a7bd9153ffa8f14e6d431,:3889
ee7fe51a4d5c004579ac44a4c461aea6b4c61634,:3891
9443bfe2732f7af56aad2a6217223b7972f0fa31,:3893
28555693a325d002c971b52887a54f138fc13b7d,:3895
539031df800df9ac34d192251110c2259dc2f538,:3897
7effe9184aa281dcd44fb585630468223fe6e0da,:3899
5138ecac454dc880ed2508c6b240e430fd5dcb27,:3901
e2af124931462d26371aa918d6412cf83d74d477,:3903
89837175b6867a09555a9f16f7ede8e8eede8260,:3905
8c1bc08017dd48b29d14316b2cec95a8e09a8411,:3907
ef4587641b7d737a9d976f639d950fc10f9fde7b,:3909
da64aaf2cda3c1ef8a4dc6442df2f2c1d2a223cb,:3911
c90e561440fe6df840321e2a9d8151b75e4460f7,:3913
12519be2795cf9e85fdfb6422f652ffddaa0abbc,:3928
07385b74d8fe4fbfa2b4eaf7682599e887c5301b,:3932
f974e9e3e27ba215924b89e93f87c5785e3c7186,:3940
56d1b59eb28af4a7a5ad6ac4f70e0f5f7bf2e0b7,:3957
ac5f3d3cf422d0d66eb43b78b41f854419281a5c,:3963
ed7fbb8ece1b7a3e167037b58ae5bdbf0c121266,:3969
d81ede7190a90ee03839b844cc14ebbc654748b0,:3973
819bb3145b5ca2aaf77488431ccad6e81e1a06d5,:3977
43ba5f66980c2ef4262b299538b863132daf8a28,:3981
327b8b976f14fb52ac811d04dd7c12c875098508,:3985
eb44abaf8c13a7d1d6aa54cbd55bf855a4735c73,:3989
716ae0e384ebf991afa8295e77cf374537529765,:3993
46f683a2f6813db011ada57a98e91e9504637991,:3997
fd7d20c34a2bd7392ac84f2e80e5a8034b07f5ee,:4002
dc44e0c137cf9f9efdd91e40da4cb664370a33dc,:4005
c2e833036400a13fa9ff7a461d3c8abb300b9142,:4014
e853eda39fbe55654ccdd983a27e04ce9aa897f0,:4017
9749daa4b22236096f7037c051a5191b2fa51f3d,:4159
f1d62db07e18f66173adaafef326e5ef555b256e,:4165
761f4a627d257471e8703c92a168e13bedfe0eba,:4174
58282b5fcf6f9a0c1550f375cf81bbc5ba6206a0,:4178
74e8a54acee56258ee488e6276fc484f79a0aced,:4185
6ed74133f55598c5a114bcdb3a49ed22733d0148,:4198
d5b43278bcf292fc0f7c0a4eb787840bfe82ec7b,:4207
d4acf52eda849f26929f1a089ea47618af33bdc5,:4218
aa7b751fdbf3eda7f1b81bc4dc7572fb6aef95f8,:4283
581c0bb27f21cf0fcb6344364c9a6a6ab20cb1bb,:4354
eb05e2b31ba693fea5016f5e59f4dcdc89b27cec,:4431
23670de0921f448c31db14de13116e74a46e400f,:4462
01be0846bb39453aaf03e9ce07d913775b1fd002,:4464
d6916a3e3e9a5abbd1bc6b10c9e523c2f5a6cfd5,:4469
a5d2d8bfed7809281323889fe974860f505394d4,:4475
b8826c4006cd23a05bce484f5482c904751981d0,:4493
0ef7269c078b306d716a31ad33b1d4ca79fa1ef1,:4498
6737fe4838e009f12a9a2b4a5f3fe439d2f56006,:4502
4ac081dda42e36a63e7eed4ab76dc7d2d9924ff0,:4519
cea1aa9b0bf86b88517d7e2e6645c29ffbb4ecb6,:4525
bc3cdbd87ef9d581da7c1a4bd84ef8b2ccabad88,:4530
d1b0fe4105fb7ae525a0e90d62d78ef4bb5575ef,:4538
e0e28e591e47e43c05bb215915a37dc3b1c28dc1,:4551
5649d5efbc110c4be9ac4cc9fe16027dba903ba8,:4573
435e4e82b64b06d3f293631f7b3fccc7c5c9abb8,:4582
3d75ea3365679d506e28dc41522649a9979e6222,:4588
54003cc566f143002db1b161ac7aa786d71ca76f,:4597
ddbd47e34ff1375373eeedf2aef01ffcff9fe8ff,:4601
e03e15a2b48078648b05ad50457ae81bcfedd284,:4606
ad546111e0f67096dfaa9adb0ac04eb991577fbd,:4611
814fd2a119ad93a65ec55d6a8f29a47bebd7f5f6,:4614
d1c63af835848a13070570ee20b8117882af40a7,:4617
28f1ec4ec8446aa296510c0da2c4b891d69ba919,:4621
076fa62a2b604dcc4e9c14cd84bc65f9b2696144,:5159
873def9aeca356f0325825f119cb595cc3215ba2,:5170
c69e675507ede6c5810082bf35be62f93fb039d2,:5173
7adc796e9e98d271357dccf22b7c9badd80c71db,:5179
9468cb8a4648e37c1f2a08fad823f5dcc6ccf194,:5189
f6a2720d614c626fed62116069043b4d5e327d20,:5204
cfe10e596089c39d3a84ab1c8e0f8fe9efc044cc,:5231
4f954eb5117d237f831ecb11b394c4923129f078,:5248
f2a47edc0d0a1350704c350dd4b68af767a0cf70,:5277
17040b38fd3df0c03054badedcb2c13c329a1940,:5287
e073c35092ee0dd1e9a82e120f218f52c0adc999,:5329
7de6b7b47b9bddaad042f966327561a545f45cae,:5335
7a257c18cf9cca8faa11614f9b9c42448900fbe5,:5338
a5cb15bd685cdfb36a8573638719bc7a7d2574d7,:5342
5f3560f46ab026482fa09baaebf439df658a8c01,:5354
f4f3372d5d66ce7b49daaab3820af585c59e0613,:5357
1aad6cd6e767b3b96476713ceca727cf29ac86c3,:5367
63cdc55463040ed0814a570e5a962086942a8ce6,:5370
a1588a8826b1d04e1d6a77145030956cd92a3771,:5375
048567701502212f8344901cc3417c60b5dd8848,:5381
dbc4b042ed6cb75586a4d7b274010a27bea285af,:5386
02ddbf6dd9f0704411245d87ac5ed67dfe3daecd,:5389
1c283d43e0f90e0311988be52661b5dd9fcfd07b,:5413
976dcf0f0115225e047564b7fa3a7ddf397b5f08,:5429
ee1dcec95d5a22bcfcf8df912df6e796aa6e9225,:6194
8d80de6107c1d771ce4b514e27ece9d546d41a20,:6950
2cb492940a1a7c4464581257895dbebe9c42a6e4,:6956
a48ffd881b3141799e910cafacc4322e9c3d370b,:6983
1139e86762b4ab4e28dca4ae502b29ad6ee33849,:6985
5d3a9b1257e825ca25ed52cdf9bdc42097df8c53,:6990
6768f812a45e4bd479ec9e85e5a5e226c15abd81,:6994
028e20c9e72515fe80dcaede4f6b66ff6107b850,:6997
da5c090538b5b31dfcf97d5b1bd99587c58bca5d,:7001
db58ee6c7db6773afec0cf0002de211f68b28096,:7004
a2e631a17ed4667802272a9018d3f220e9b989a1,:7013
a918928c456e79b2de1466f25c22714b62ebeb34,:7029
64a4b3c9f2233933cee5030d9992dce30b5a7e06,:7033
8d720102c25036ff7e2447e3a0102ce8e4696c6e,:7038
e8d112b4064ee916eb32dde681e76a476c315257,:7042
0fdbf71de8e949fecacc10b6e226a9a1d16bda3b,:7046
b1debd73988fac97ec822b90f57d483ea798ddd6,:7052
3cb514b13986da7a36d67a43b8c7e459b92494f4,:7056
e509be587b9389d58b23b6d50230595e0b5b06e8,:7060
0422546a072784d4dd5eca2efbbb3ae2b4e26db2,:7068
0f8a7289e932844d47b49e1262e48a2a6e72cb86,:7072
fa54bc417d5d9a3a7c5d5ed9d4c22ccfef2bf34d,:7076
3db0e22ed615a6f5d89f215aa0a707ab52a5de4d,:7085
f1e1fc5395ce16ddcdea0d8f9c468141252ece6b,:7092
5459324710bd75e3441182682e7a123b2c4aa583,:7098
88f2363f51530f78b5613f8f09e783aa7b88aa48,:7101
1f050c873cd12c9bf90fe2d843ca5ea5a5bc8846,:7105
fae92cba7717aaa2794a958884b9c20e3fc02833,:7109
43194e0161fcdaedbfff05b8873b3ba847137e28,:7114
06d0339209bec154253ecd1f1a1ac7b6e381ca2c,:7117
2e14207b5f303e100f11237c710bce0a35a30920,:7122
60e120c4d6135231b5d771ad298e0b1036c2fc6e,:7127
3e8a308b644faaeca9de76fefa980966f66d4c1d,:7132
82dc0023dcd01b0479b178230f98146fae296268,:7138
2f561177064d457df2b095fb8d2a414befec017b,:7140
fa8289849cdf730aa5d018be329edd16e7141e39,:7145
4de4737426ad2f912377f6f317280a6914eaa0bc,:7149
aeb8ac2a534a085845a21b13e1ba77d1f3d8915e,:7154
4c01b2e5636ca711108404eef9a4199727dc07b0,:7160
6f42837c7fcb34d051a48b778f70a7bbd60a3d8a,:7162
562828c817062e541031ccae99326853c1606f0b,:7165
d6590d96120622540bd1f34e81d815d96c0012af,:7169
90974ee1c947dcbf2e2fc398cba0269ce9be9e41,:7172
f030e29aebacea688dc33e329dbcaef728720d88,:7177
a83796a52ef1c084e1dac2247544ee1453921fd6,:7181
96573fb3061faa5a5147fa2de5cf32686339a9f5,:7186
e185c2af987dd1abc68d5c52ebb33838254f7aaf,:7191
43b9f7324df6a12faaf28036a7212f813f735a49,:7194
648025ae5f58cf4c893e16e7f598be14fbfe22b4,:7198
1938820b67b9edbd9a673a258d034f57a2d93fe1,:7201
846910350c45a23ab96e169eca9f61f160ecad0e,:7206
7612e4f8ec135b327a69cedd0241c5bc62dbef47,:7211
779b48dbd52fea1ef592c41f230a195ad8e6f9ca,:7215
96175896b31c5b7aa78bca3fb6a192cb493c72bf,:7218
a7a5d68a95aa76d47ba6a1f1b7e0495a9b48e66e,:7222
773e7a50b5c4c3f14614ed19bf4d1f7de63218a3,:7226
c578ccc44be9767a19d02f60bd5c69ff8af9693b,:7234
b02d474cfdb337ad288dec39fa18aefec97f29fa,:7243
50640af9f1ad4ac0a46141c9c08ed70ca37e9399,:7244
6fad66368dd16f2a16eaefee62fb6c33bbd82f83,:7291
965f21c41c6a3bb7b35f4073794f411d6e2275d7,:7297
451ffd7fcabb1210f03da574b1b2ccc12f902e72,:7300
982428bf2c0a299a5fa33e781bf90514f20e1a8e,:7306
03f500948c0305a380d990df5c40c26dacba44f4,:7309
9ae9a9e3d08a6d38002eb2af79363b6a4714bcac,:7317
24466c600382be21f3a0e30af6969d571e991ded,:7323
861691e0e147ee07bc54be9f9c89849fe3e9b7a3,:7328
4f58321e95661522547ed1bbefe057e828d87c05,:7340
6be74eec5bfa66a596486a6e11d6d69b4f585ef3,:7369
7bbbf5c16f502398456d6b8cc9167d770550ba55,:7390
e0866eafcb8efbda062ab993fde891b52e12909b,:7393
ccba6e6a4cce395f4ad22c8199feba11433c2ae3,:7397
6d2783484a0bf7c749530b4007a1039345cd1768,:7402
7e82417e0bb7556107f5bcee71de17ba27add13c,:7409
4a9f41b5ceb73431a15cd5c0220529174a48a802,:7415
7677964ced0435e9586ebf182ac7149ad3e7f1c3,:7424
5953aac2b517644d6d4cf6a4ec3cd6a1f2c63acc,:7431
a69e1ffdd6d36e3f1b75455eac26d8a86e967630,:7436
e5e2af9239c5f2da0c45d53be949a877da5e4465,:7443
f84248549e5662d1177b67ecbcd0c6f2dad06864,:7446
3c165286f3cb2176fc0523bfec603344e463e749,:7450
2a10c8b7a181022e710b3ac3fa784ea95029ccc6,:7466
82f5d2f8b90a52dc9f84a43f19cc294883dfb4bb,:7472
4a8732e464dbf6a6a85ec494b9659c5f8dafd7f4,:7476
b6583b824325d16a9b5ab15f63e83651f9825c26,:7479
3321517e4e0bcf6152f19ac674b5681a8b36cdbe,:7483
216ad9966ccc2bc1a74d77f88a84e8406400d46b,:7490
6cbde910027c166fa5eb2d34cb5e95ea8cdd0209,:7493
46f19bac499896208ef3b1bedd94af26b27722e7,:7496
128420560b6562462e3d63e487a0c746c635f11a,:7500
92615a1518457b5d2207fbe66165e7b2d9d0e863,:7505
dc91de24b0a0d96d1e12c8191f9ee3bf0597529d,:7511
62ca9345f48604c0748c924b77990ef80cd67d46,:7516
48b8287ef351f430c188e03e60bee30265b25acc,:7520
83abf05af318378b399d2ba265c58c229a25985a,:7528
c31dc2a129836adc683c98c27cd2ff02ae9da744,:7530
e01ae71e64609a50e0f04030b2eea619d5f5a1e0,:7538
165047dd072a613e387bcb7e4a76210214b84c38,:7540
c82c5b57bc820dcf13531a2c7e59a812ceb24813,:7546
9ab86d6a38690fcffa272828c9c4704e8dbbe0c5,:7554
dc4dbdc399bb8d418031f60a7ec19d0fcf24b56e,:7560
ec24b42b17d6160a31292664f7d490dd9356a18b,:7566
67798713acff546bcd4bc59e9652e2fc2b2ae6d0,:7569
f0c59c6c25120fbaf2ead7ccfddab0e46f74875c,:7571
3a7f0ef6d248593d3242306c692f40e83432f612,:7575
c267241a04512645cdbfcbf09d4a3083ca364cbc,:7585
02f7bfa4af50f9b93f17e0b77a5ac9f2de5ddb88,:7588
f46abe6e1bbd756215591d5fc9aa602a877db819,:7592
e4c096ca3c84db4f9ca1c1a71e48e848bb8f2d0e,:7598
c9943974bb56dd16926d8bf01fd930910d2b38ed,:7601
c911d17fecce1789cae232551355f30438634ab1,:7604
9a051a53eae4ecbdc7a18e6f2a4f7eee143134c2,:7609
fa7455f38db47f2ca9868c16389ec90bd1e3b00e,:7613
7e1dab374b07c99dd72d6132ba50cb42c4cc641a,:7615
a0fa9a4d3581bed201cbcab97f09fbdc197323ba,:7623
6e8045b940b4a4a4732b9901bba001d19240607e,:7626
74438db1719a88569a4983e74d572e44e7d611d1,:7631
7e0597e1b151ee28334d0c5bf8091315a25d07b7,:7634
a0514455b8c2d15941907349540f90747de0307e,:7638
aa381d394c9daa5937441acf21891ec65c468684,:7649
8c36082736f2e0e6f465e00af0e3c1fe3f39ae11,:7652
c7abb9d1656b91351006231b8a938ae0f2f3f575,:7657
65a3462b1152794776d7ee2ca85164712a75e0ac,:7666
0e6a731d91bb7534616fcee48f845593aaaea4c8,:7686
2da9cd0d70a1f4537912bb034ab837cb3e0c005b,:7690
662f7174489384aa9f974b43ecccb058c7140307,:7695
9193395c4de3ccf33b8f59397b701ad9e2cab3fa,:7700
9b4a057dbe6c960e5d2844502511328905695d9c,:7705
f6cb34d52e69abff611e115db00f8264f0cc5857,:7711
2d51aa550ecc7f663c49f4b86fb56ba8034d5700,:7715
f68f60dc99c019c8f9cfa4eb8e84e7de67cc2388,:7718
7f2a5b25ecf42aa56ed8cb6519166a9bc1491d9a,:7721
3c1cd6d2f01135d8c7cbbcf30fc91e48e4afeed5,:7725
bd82031247127da9bf50dd46f0373b8706fedec3,:7728
05e32ad71af4ca6a9a2cd1a4ccd01a54506266a1,:7731
e7f36782b2f661628d28195b1761d492e2812541,:7736
414a570d69cd31046e76c547bab1d81d2b66f115,:7742
e69003b40aae02dc3d60f4dac2460d4309cb178b,:7746
d8f17a1f7f99b39323aac8ecf78c9e2fa7b136bf,:7751
4c6971880e0e13fc2d2d5133f8d2b08e87acf785,:7757
d3cc39988ace06777660e4ffd15d3b3fb46d0c14,:7761
8354420471bfb87b823f7becd3a1e89a394d12b0,:7794
d24c958ed2a9b6b5687b6ee2f7b4f114cd3ab472,:7800
a915df44c8f45c0c9c91e38e480571fcf72f8698,:7822
abacd3555442bad3fe1ad74c0193f3da8dcc427a,:7852
b74752bc2cbcde523ddde33e9e64a108d097a1bd,:7864
d35f851b819249f6c34c2f9f003eee6a022111cd,:7868
f23ea82350e21c90027287a17d29e7e49bd54899,:7890
49cb45088a23befc8994d4804cf470188492ce51,:7902
064d537dca62d386d09a4cd9a26839b4679cd983,:7908
dc2dce08a4ad677d7f37a19893a93658c23e2155,:7911
4bac77ad15ca780e5688e080a073ee8e56a30084,:7913
21cd6c7972842a79c33b3d0b69dc748470473c1a,:7917
7a390eb5e6676ae7cd6b4c248fc2bb547dd33f13,:7922
b88552c912af807dfd5cb2ffa62ca4ad9cb721ae,:7947
7c1a431b8482e221e935920e1a4f59da0503b75b,:7952
9e0da09ba1a95d5e4b6571a8592cde2dc9da0882,:7962
b67763c6c8f50e5d044e3da478bd1b25210aac84,:7968
6669a7fc7a12c2bbec1b2cec38b49f8d5beeba00,:7972
c99b37f7b2a677ed7ea81276871fbdf299886be1,:7975
f2b8eb164c26c552152e281127920326f941ae55,:7978
174f26ff143c97fdea5a4050ce9e14970fb72069,:7980
dd7d42229658099e703459b7170615aff213329f,:7983
05d41584928d949db214c9f2b97832392a77fecf,:8001
1e4b9a0496987b436d9a6feeb304a17e44c280ed,:8024
16308d3d98e66a5d4f9345591dc9f794b6554961,:8031
aef9402feacbb96f1d3e45b15f6e952d478ad2c8,:8038
f2c1eda92c16b9f27ec5121e5de97827b7301266,:8045
28d8b2ee444f2d53e7d66b6f6d7c926e5b96b58b,:8060
3d4d15a64a8aab708200d5319e4698e6a1823e5b,:8070
f718fc73b872bb289d6d38125df36569953348e3,:8084
081a02567dd2f2d2685f80686af596a2843a9e90,:8128
88d8a36f9ab8a6bec23da77e1dd2fbb1525ea06d,:8144
dd8e6aa9e34e41ef69d464a912ec7f0d59291324,:8158
884128797207b259b403c5f1af7e56fe371913d3,:8160
79ddd9152a0fe536e473bb8ca0708a2baba9b846,:8174
49fa213dcb6cebb3257871c75d8686d003fb2299,:8294
a35c821adfda434681ec3da48b45d39051cb5561,:8296
424c5a33026815259baa90c2cb22fedf4ebd090e,:8305
c010354b844123001686d9d763859d9658855101,:8310
47dccc7882777495d8b59db191c0d4fdc1089faf,:8314
55ee4653006e61b5b0ee27c52eaefc0ec8499686,:8318
3c3a5d0d25ecec936ce726ff400143326885ce7d,:8327
f350441bcfe3dd148c5fa4f3b688a31ef29cffb6,:8329
8d7038ba5923383dbf8a55a3dbe2ba5f3ad76368,:8345
37bc6f53ad493e883928a8f9d406c2d3cd848152,:8350
f04496fe7353a8348ab0ca820450f5f91552a58f,:8357
e1add1b597cb5e51b23a74c85e455b56f60f907b,:8364
acf1db9eaf079eb898b8958553908d15d4b23bc6,:8371
67b303960a212af11ff951de855823e9a72dee82,:8378
c514a27aca0b2fd55c698bcf8088cbe426bca192,:8386
b31696e4459332f4a4bea9d148a52ed3d01c6747,:8392
7cf5fac1bbb05ba32097242bf3d08297999f0d67,:8398
c6b76e2b2bfd3cb93a35fc5cb2ad341df8ce2c12,:8404
32f2d6c861b19f8d1b3f846a8dcddee2807ec32b,:8410
ce755a2a22da5fe17af079af46959475544bff10,:8415
d6c4c7249c197119a91743d5c170f6e399a7a714,:8421
2b15a2b86510ccc6a2cb0e5b84ed3334d044fbb9,:8427
a3057c3c2e1d519847ba9c75d3b5fc1e30003415,:8434
158c39a082dfb379b8d4afd197c564c07a0065a7,:8442
e1b582ab419c5af9694f764dc6594269c499ccba,:8452
0610c055471a945c3d816adacd73916db54a1ad5,:8460
28504f08607ecb1b9827fb8119b7dfb08d731181,:8466
e835817db50b8fa6d23af3fd23748ba5fb9af431,:8473
4cc185d3c670340d12fecd5865271d2a7fb39c9b,:8480
cc6f2621868806c91e41b532792971f593ffa734,:8486
ddadaf93449bf84343a31cf81e8b9b6cfbc50597,:8493
71d600d8ef2cf870e9c99120e94128a90d63d7d3,:8501
1d5c700f786336789089c5ff554beba2250b620e,:8509
0d23893fb5f2fca32409693f158b3d7f5303255b,:8520
8ca4c2e0fd3086c0969dfb789c40ad53ab40508c,:8528
d914e2daa1daa7b1dc79208d24c41d612b4612bd,:8541
e163c42d1204f79d0237cdb7752a1cd4dd7bebc0,:8555
550a85283263e6df67a2fb3ad310e374ac9f33b6,:8560
098023b4166ebc077da2f0479ce5c0a7cbee73ec,:8571
616d32917318c166984578ff72f738a85829dd92,:8576
f193f14529888c96c32845b4d4a1334e2c595b9c,:8585
90deb8b253fab6e756c45d9610f954eead4e2939,:8594
e733882cff3bb119a9fb9c49481dc2f033a43296,:8598
287743a8300f421bfebfd9e38af89ab0536705e3,:8602
c219c342dd64b78d387804467e25924884b41e5e,:8606
d313e81e01e2582d7a768352fae72fabbebb56a3,:8612
bee3f90069cd75c65334926455169a5d145a343c,:8616
3f6f64ec5cf288ac87442725552df30ba6ef164e,:8625
eac7d6e28fb67e20553325e10df38674e78aec3b,:8631
c199d165f322033a5b5437bda62d1c96d4ed2141,:8637
ffd11978c1045d12f22a6f81b216fe53d7dd3634,:8643
865d5b550ef1711a2afb87fe1a5e08c5da72d3fe,:8651
fc0d8785a454ca8ed1c7b5e01058310b54adc3e9,:8660
7da4524a9c8ee294285dc42338b9e8af9d836b0b,:8669
ca4559b14c75c015fd4d0db308f8537a2922b07b,:8677
3df67e16be0c7f866d255e8ea2bd2272ea7edeba,:8683
e688f77eb4ae9992a4716e1e9c2ac19b4eee4e5c,:8687
35ee8ba822f5302767ebe6f608eeefd3aea7f8af,:8695
07c74f24b110630120c34b13795cff4b328fe02c,:8704
4b46c0a9e19895c6e2f7086c633a655ed5d471cb,:8715
4248f3f584d9ec8e7a8258b56ebbff14d4d54b3c,:8718
79543dc111a4b1daf0d842ec18498b5053befe5f,:8723
4af5a727dabcd5bc2cde6a1b9ed92710a6341113,:8727
0dded641d762d999748cfc21412b0bf7c23647b0,:8731
1a796b2a827b3dc4a6b89af13decb75a53b1d19d,:8737
b617284e0886cb70f5d6b821ce2766702d08ccba,:8746
e824e90a514719e69027ca59b65f31dc5fce4a42,:8752
058092c408062d2883ef5a5a0a3bfe964f7ae1b5,:8764
3d67dc4e4d03f7909191cc0df03f909b4ba939e4,:8769
e4eb33d329cb2fe7aa0ee24f307996e75d9f0634,:8774
ff94cc4819686876d14a11e281aaa01a2a440c72,:8778
bb0913f923a95b95f725db5bf7a990ff1717edb6,:8784
145a5aa418a485877d7e9e4607401cb21b03001d,:8788
8a353df384d3744e6f60e8d207aec3f12a4cc4a3,:8794
ff789d0cb9be41437203a48eacba04dbebdb847c,:8798
26ad9feb6c478df86fd224dccda58ab2774e9318,:8806
769f58bf0920d31704af642df78ee9e5a5fb027d,:8814
0eacd7c1a3d9dbc6233593ce46309890cf21ab7d,:8820
5d1d20a39fad884f583e4a58566b9e30b9ee2bcc,:8826
18c63fd70c6577cd9d39e001dd528ddc6f147af1,:8831
ca0ca24c940fe4ef13c691abb4887d87813e743b,:8837
dfe4a7de7ef17b98114d130b52fd765a62507d65,:8845
9014f26eedfa72540c1bdf04aae259b9baa18e4b,:8853
441cf20802a48c1fb12f35c91dc9d54800369e09,:8861
82422aaf1838cd78dbdf241ec4726d6dbb5d857f,:8865
8858fe31c57278ce0ac627df80188161f4e8989a,:8871
953a473ac06629569b797661410d830ba51bda4b,:8877
ecf65e32b070aa263488e1728218e2e96dffcdb7,:8887
7cc10b3229fe8fbcc659167e924fe5d4e10e9964,:8890
13fd79a81cd78866a7f94ed0bcf5a325589e2bd4,:8898
cea3ac5811e2a6b0f6ae16f648b0c1c185628c99,:8901
720545242a6a17ae5b4c51245bcf973025756c05,:8905
853e245de241ba6aa2b8a0efab993f83573e75ce,:8913
2136f326870045ce8edb935f1cdd515f91b11627,:8917
4bb2b66d2083b2a272b3b317a8f5cf9d00fe6662,:8925
280b1d490d9cec60d7c262b10d3bb005e81c524f,:8932
252579af446557b2f1ca0e2fc96fc323599abe5d,:8936
f3ae55db3ccb29662f51f987217f904289ef7eba,:8940
9f94b7992ff58b59d99706dd113a75017efc48a5,:8946
68417d2a3c4a183ec8fd4fd1081de979f2a17fab,:8953
1a005d7905ed997aac3d744231fd56d7156a1f9c,:8959
5ba458f0170d9641885a9abeacf4febe9c30900e,:8964
9056da6c52b9c28a510f45e3e4544551883a627e,:8971
5eac0f080cfadc4c4e4500923ca6eea9fa5066fb,:8975
ec3f9679dd843695d949334079e71535ecdbc2bf,:8980
198944ae43fba5f25966ff3b40352dd32a91dfa7,:8984
af542b5c9340938982d3d4ba14fa9bf4d07eda8f,:8989
247f247a8b42cf3ebcce7c87916ea2c78b314b61,:9011
b5a28ca2eba2846b79bd673060064adf770182f2,:9013
24ff5a797d19f7186f8f311fcb30177a79919e6b,:9017
21541a3efd9d88dfea91b8fde869fc04117c672a,:9019
1cb809cf322e1dca83cea4a3d02e2703f25fadee,:9022
4fa53b8dfaa61321aaa3989f2d3cdf8c8d536f3f,:9029
a304ea79df1b168b3c4bd7bcd74a20d7ff37a46e,:9034
7c01a937f794308eff72661d9c1f9636bc3d2a5d,:9037
a7f71e4b4eea34ff26824f8e79a9847353846838,:9042
d1c22f01b32b3f40fdea26ae8bbce474f8725cbb,:9050
2710b2a4b43cf484329ccd7f44f87b2b292fe5b2,:9054
a1c3e9f2f0cfb7056af9ac3b6f0e46a7b39814c0,:9059
030bf8c25b44a0d3fc35b11e4f9680f911ef73cf,:9062
080d5010458f6a57ccfefe5f81a4bfc8863c1f24,:9071
b748896442d1356c1bacdfe9aef24b3c377ef355,:9078
b79a1fdbf533e548b58179c2bef2f511c10bee5a,:9082
9a1b0820af39e2b6800307287069b8c088d1421c,:9085
f5e9dbfe8d47303e6b589d99f19077bde4979fa6,:9090
a7a70ff2659ef46fe7653f0efd34c4c57761185e,:9093
acb0ed39de5a9b84f66e7eeb02473bce85f10d8e,:9097
53b2c255e39d1fee90712b00a6973c67e1d15b74,:9100
e7e30863b2959f264cdd4403e5cb60d1d9536d47,:9105
8da27321e4fa640e54cabb53a618dc89ea510807,:9108
b6246aae49e3a7721cec12230423142efa8a04d4,:9112
a0ab3920909b8c96b42b83f31afa0c13713750a5,:9115
3cf0e43c612c488af7034256aba7e4cb1b4bb7e8,:9126
3b15d517c32fc1667f8836f10ebcdf373882daf6,:9130
8f9e3ed4197e9a1d2b3a3b3c84a6f2567eacb561,:9143
1226a775aea5a76894297237da72f0f4f4810f45,:9146
31c660930aa80182c596e4c7434c982b9c1ccd0c,:9149
c0a4963cdd18f799bebadd98928366b6ee4ef747,:9156
c4f57d08082154de597ee853f3d517c82e89d8a5,:9158
c099a96f45f22431304cb8334496249a067b578b,:9161
624f77da7228584e0a8334a4ffe13eb92038326a,:9164
0fc17572b447b375de5280b7ad1c03036d7aabbc,:9168
d0e72291b6eb57e16c69a085c61369844b748c5e,:9170
090e5def027d79879fc0b00c90ee08d5c8e766d9,:9176
7d29dc1005b9d8e8792ed556c98c299d20237ea3,:9178
bd754126af1cb41874f8fbd9a76d01de59878348,:9181
3e9d69f50028e15266b2ed134a14ea121686487d,:9185
1e7906b057c24abd8f54563df1cc12b7b7f396c2,:9187
ed9b4e7f91c3cb69da95551a2ce069b31e24472c,:9191
957a9d587cafd219b670a6e3fae5e0fafb2891d6,:9239
74fb69f71b58dee3a424d973efc9e0606b675804,:9442
2abd6d8f57af833efb75e2d3e0029dadd1e6fd2e,:9459
d6c800feeab4870541b773f69e8b6d205eb7c14a,:9462
227940e202c42fdfbff0029112184d9ac87da8de,:9465
04dd38984b8eb6e9735a7d12903fe7ffeff88de1,:9468
bc911797c56b51e4f74ea6b5b3fa7923d03384e7,:9474
4d25b93ed4b059aad11ba4408f3ad610283256d2,:9478
01247de3ec769b5262527b1da5b17ccb50256486,:9482
91d1dc33f527f4761d083090bb630d6df11c1d17,:9484
710f50e9008394b5b101ee67d02bbf030363e411,:9486
e4734e461c07f269b80789dad448667a38212269,:9488
df9b2915ec4fa2991409c1f9aab8c925630e73af,:9491
a284ffedf48a82b3616f9155e43a4641077ff1ab,:9493
47ac0a29427499df35a2663899ac2cb03f93df6f,:9495
6267fb862d9929fa778edfca97a887734f78de19,:9498
d3d5eb630752791f25aa8251ee0827783790cc84,:9501
02bc91d7108d0560675c5ffb204e457ba6293136,:9504
7963279acec58a641117ecd3de8d1d1400e39e4d,:9506
5da0fe7050fba2351f41c376073a4f5d84e05a23,:9510
a3b3a1576161b4c3963e1372a90ec8f2dfc1bae1,:9513
fdd1fec26849258d49b20926e505534580271052,:9516
91695662850ac294ad22176a0d00ae8c5c509748,:9521
74afa0e610e424dc1da6e5286f90c3acdfbd91ef,:9524
5d048720721a3c4fd7c736b374ad39cd3f973fe9,:9527
69e4056b09ab9c7f904ff0c1efb8784ea8622884,:9531
f5e7724d4ece32d5bedad605a1438a2fdbf91cb1,:9535
4204bb172ffc8530bf23bcad2bed3cd73d75918b,:9537
ade5ebcbc5658d0f8493d5c8a7d4ea82c19fddd7,:9540
b61f4b5cc22475ab4a5b5abc68e1f6f04bac3c51,:9543
ffe4f093d7b28866153a60f133a6581873b03b51,:9547
8cee6502f0b69a449b49c3a1ab8642d02fd0049c,:9551
48a336b846a57ec2bb9c72abad660665a0833a1d,:9554
2248e4fbcd394fa3fed1579f94de752f16b3aa8a,:9558
0094976844dfac7bde9c6448e17113b80f3834da,:9562
e2a4393917bb61515cf87b18eda307b41c43b9dd,:9565
f2df4e079331986827f795bfffda05d539ccd2e8,:9568
8cc20c36ce2e3f1877ae1b807668d2c5a62224d9,:9572
7cd31ebf4d117786dfcab8b488f829683648190f,:9575
87366948e55db468d7ad00f1fdb775a9cc526953,:9578
9dc5e40a257bb637325cf9c44d00d5c038de6d6a,:9581
9d8f22f186f19fcd0127fe8373b2d38a5c4b8a09,:9583
8d66d6c0be2c67dd5d654fa2359a2eeac57f6823,:9587
0cc29579d32b7bba80feecfb4c785ef8e3cb2d29,:9591
30d603350805f0bcf3e0dbc737b188124f263d79,:9594
cdfe3360f4f96e91ef328b3fd660fbdfdaba2b89,:9598
9eabfb8528dfd1e661036466af13a74cf12cdc03,:9601
a74aeb7de7e81eafa8d39476d4c66260ea6d1c17,:9616
cec5e8d4bc2030119418e17f9031e4f9056103b0,:9619
e46b76406a0b030da8390576dcc178912f8a3d45,:9623
e1680eba9848ef381e7b9e258cdcde0c4b463533,:9626
1f7abafb727de94ee011a8204a21dfb50970918a,:9630
ed8f7f6cbb0cb4ef095c5f8731b840446da00e73,:9634
292864946929bb67b2241e88cb4aa0af8e96b4ad,:9637
8cc188310cdea06854d637335fc951abd6accfce,:9640
c87db657d273b29cc5984548686ded1f5981021f,:9643
b0c4b337227597c687de5993f7be6da9ee969ad4,:9647
6b0943d89fb03c53d0bc943ec75cfef739a8011b,:9650
f80ca22fe4227b13ba19fdb3e8efb2b7bc55994f,:9653
b032411c80740748c9133da1bf6db1e6ad093359,:9656
74a4e95fe0de17ad02ce35a65717cb84b4413757,:9659
4b6660aa0c25530d1d69a219084c757e2db780dd,:9662
219a1233f9dbde7244a4e26b86c3fbaf6e27873c,:9664
ae372df9ecd5fae453599b20ef296c5b0194d64d,:9667
7202b34cc9dfa1c085f0085ed9714787e3c58202,:9670
1fbd2236270a5729d87528846b3e970a72439cf6,:9673
ccc8da92aefc764fc387cde8c0c5726200a5a62e,:9676
07954aaaa9a3675533c0916a475d6afc66c00188,:9681
16cb01084eccba5604aa20e2893e518ab827032a,:9684
20b1a3802c58eaba635ece5ddeaa63c6737f1866,:9686
b9a5bc1e75304880f568abaf3c04e4968945f2f7,:9689
ca27adebfd08c73c440836a382c0a312e34e439e,:9695
2e9ff29fb6224f4b1b6a4103f4d7307dae93479f,:9698
1537bb6dfd1ef24577075b5b5ef13034d369bd45,:9701
140a0cb04c58198196336b8e0e9f6253910cee19,:9704
849f2599618a8177428a98cb44b4ef2539d5ac29,:9707
d33add8eb1ef917b54a136a280cc7bbe65029f2b,:9710
3553d1a9167b67881ed04cb5331516a5ff88aff1,:9713
53ceaf9187a318e2eef25131c994b79849e04a42,:9716
26d038c496b8cd9dfb8ae2e2f5dfc98f0e181816,:9719
c54a89679e5c8046a304c887333acf78ba029668,:9722
f74e7981bbe81a1fcb770c8a756d2fdaeb3d39f4,:9725
2f7cf167bee4770be9227e3ca495bcc4289a3f2b,:9728
e407422093c2b20db4c4f1b57f3505c58e652336,:9731
44d831b5bcee54f21d4de8cd2dc83ffa5bb69fec,:9734
ddc0bdd10a7971a0bba5ccd90d8afd5570f279d6,:9737
0c85f0e4f71614b59f616c249249ed54224a0810,:9740
e0077e5c3b850b9591a3c6b0231103675fe998d6,:9743
378baae8ec7e407aa248569997cf809f7222c37a,:9750
c9db5428e3f1a70c62284b3a79c2d1ff708efae3,:9764
c1a961c7ae4ba32490df6333b0a4254e249baa1d,:9823
50a3cfcc98d921b3cbf6a2fd6bb7ccf878739ab8,:9869
4e038cd3216fe18f448c3bda7ce80fe59ab9e22c,:9874
4c741d1a64dfd33abe3523a18d1e020457b825bf,:9880
914922005375a93c581f53878af71fc23e06ea32,:9888
f24171fbb2f25af264524b8e0824a665d189fab6,:9892
7c75711c19b6e55e6a32b685a891669e316d8c85,:9895
aa0bf23291725967833a22d2969bf1533fefebfa,:9899
586a9e3672db2f39a0a8ac662f00312b9732fd12,:9905
b8b1c8b8379d4af0e45b91f771a6b2087e582507,:9908
71af3f3474dc124fcbc763b56510a32f4956951c,:9910
107de8445941fd2431a12ca2a057fb8074688fad,:9912
66a14e0d43903a05f3c22036d8caaa3cf483f446,:9914
6fec014340fb971ce7141011e234e37b919e6740,:9916
0043f23ea0bb5237d3f72062ed05c1824051a7a9,:9918
fbb849f51b97c34f265e95895bfa82309d1b0fcb,:9920
7c8acf2deeb203c627dbcebc51a809719bcb4b6d,:9922
c0056e478e538de1464b9b16dadafbcb896062a7,:9924
ae2d9d39a6d9095a6690544cbe613e359b4c7dac,:9926
23a2ec3021d68fe7feae8079701f5c306b945550,:9928
a307cf4c2c44db1db3198bdec7970b940b172c04,:9930
ddd42963b4b10c94d9bec6fbeea56c650405166d,:9932
e23ae28591df2bab637636ef908d4f979a039f7a,:9934
9e533cd7c863f2c2de1b27b19bde3f0a3414e939,:9937
0eb41cf9354391eccbeab4f4293b2f6611510c88,:9939
ce6a1a92c3228a3775a6daed159d00a1a58e63cb,:9941
c92be05f0966664a52d5422692324a16d6112017,:9943
22511e0585b808d0e4b36f081957e9446cb68215,:9945
ad467423e9e35174d183d5b4571ddbaf149bb3db,:9948
86dc7d65cf0bad79ee5fb92d2ba8151f4d7b472c,:9950
5cb2b99d60ab43d72b1374810ccc36a49a85190a,:9953
68aed4312c4e8cb5c39e19810b3ec3c8226a3ad1,:9956
5f44a99208cf32b930257b86d254c2cf98be4ca8,:9958
ee4832a6a71e0b59dece64ff575be3d7b42d1f05,:9961
43a27a105f5de12b2f923bdd5aa8d7c4a298dc41,:9964
eea809b94514842804983896984fd2d985d8d48c,:9967
4a6060fc87a8eb9f498566c22a6db148533de02d,:9969
696735dfff2aa5ef3ff7dc44b9f953d7285e08b6,:9971
3d2b8141fff4f2106928fb53b39453025e854ea1,:9973
1c5a806b88648ccb3dff32ea7d93f07014acb3ae,:9975
121996a054932f44e5341c03585f44f9612f5b68,:9978
47408b466b0aaf3561b58b69534f4d8d51d73f7b,:9980
9d3f47cb6930db668f2fab67a3d8e8dd88eb22ad,:9982
e96161533818b8e77a0479f60b0be04389461fd8,:9984
e69c73c143f15b97f5a8847b8dd163edd0eee3cf,:9986
b529654f29a4ce5a5b03486f5fb01ff762de2e4a,:9989
f8457fd4f049c38774c6d9af682dd4ee7d3660e1,:9991
ee685918e103455766265fbcdf85379e755ae6c3,:9994
d295a45b4ad8a866a91b835ab857ac298e8d3566,:9996
15b496d74b18a61941fd3c4618d7fa2bbc4e757c,:9999
9ae40b65c8b9de6899801f49ed8ebcfb5a04bcd7,:10002
fa59671bf2c01553164c17139696307c15d568da,:10006
da06d3bd5d84b9192b61758885830d162d178d16,:10012
e9dbfbddae3bbda79326dbc84441a39622035f8e,:10015
f2bc0ae2936cee009f620217bdc785c868add35c,:10018
a58a2152e9e490b815b504d425d3b3e2a05c3716,:10021
4506d08d7cf5352035772ec50bd0c359154f9785,:10024
f527bbc47f01ac2096e917f40e6f92c6768335ed,:10027
51c87816e7827b139c5966c110a2c883575c8a2e,:10030
80ec7e60249349ccc771e5030dc3199625426a83,:10033
f16480c46e4faf566621fb90ad3b74cb1a046918,:10036
b275e56884bca2ede20e01a00e3cd6beaea561de,:10038
05dcc09184bca08ccb15b2ee4d64976c3a59f2fe,:10047
29c8d3ac5382e561ee0249e7266b2b7a998e43a3,:10052
b2db3242d3a8e30b3bcb663c9d0380a5c680e9a2,:10058
a7ec9f515dd72cd2425824b11145fde6d4902043,:10062
0dd4bf1d57ebc78d5b55da1e4e2b9e187f798de3,:10069
e4f5d54e53a4995cc38b27335957d4ebda6e19c2,:10071
2ff277089c7ad76220c67adb9f775002e6d71169,:10076
f60d6aa2837a23ac7be6e45bab3c82866b51835e,:10079
0a66a7b00a4b14053ed2d86ce52a7831fec7138c,:10082
5e4679756abfb336f4777b42494edd763e8d1bfa,:10085
9c9999a256d5ceef7bc0fbf833baf7930f475a9e,:10090
fecd719d7c79cb75845425a6808be1b339d6fe68,:10094
0b8dd010028d7b7c244277e22eca7f6b4a66e524,:10099
c87b7e8da31f8b0fdc6807e301bcfa90648ef019,:10103
d4483cbf89cda8a1fa90e02dc39a463394b66dca,:10110
e043f7111d890b6cf7dde6a89f607f52275c8776,:10116
c2ba9b59e85cf38d709768ad077bca220cd601e5,:10119
49df9080f3cfa6db15d63d763b9defead677406b,:10126
edce64d59090ee1cb3b8319af20270e722c1859c,:10131
d9f984d0b23af6f7d094914e6de507b84bfa76ca,:10139
86c661367c4778beca58e9e0baf4d019ebd96707,:10144
13da36504d45efc1b7443779594f4afc97109dfd,:10148
abe97cd4533a38df9a5f60a44a0823fe400e03d0,:10152
14374503fae2a7f4b14cfb0b86188beb98bf4f60,:10157
7a420b27d06fabe93807089865db94bfc4afdd53,:10161
978adaec9705a51b313694637298753abf554fb6,:10165
e62e203aa38b7a31cad717364fbcbe1dcdd38cd1,:10167
ed794d194f4e1e9a4d14364d7ba1d9119b12078f,:10172
b04214032b601c6c09d596f39c8bb843580fb606,:10177
71eeb507485df5b9ef44e820a875a19f4035857b,:10182
c32a0a576e54e167ab1c020e0f63765f2d5a4507,:10185
6c45cba915c9ffa4e7bbf97d70852247ffecafe2,:10189
b10167d2e9af4a8cb86b9718f767a021a61701a0,:10191
1593d5bdb2a6d5de935b1511ee7a39f74a4e2d28,:10193
220952d47c3277724f837f763a8833f9683468e8,:10197
6f14156744fc748c13f6405690d990cfe4d47bd2,:10200
2e80a7d6bfb8b4df93eb03c89c7e175fe763e1e6,:10204
8c8d7109b00c7d92e7422a1b1f6ccfccf192a7b4,:10212
615ae6130296e3956ceebaaa871983a4b324521f,:10215
348d6d5ab3840bb73ee2b7cded8ebec936b53cff,:10229
e4ffd24af3e79986f2e9da780c490691bb4d293f,:10234
7036fb4845d0f1c476f89639db7f89b1d84998e4,:10243
f56ba6a2cecbf0400b5160d299f955c83d47ee02,:10246
49c28214eea58c27116423979e6386494554bdb1,:10250
9fb20390d0465b33be8066dd35052018efb4ee81,:10253
6532c02da1a367d339c5826020a3341ba0edc0a0,:10258
dff9c222be4689639d0447f114cca575cb569086,:10263
4f4e5332ac5c111257f59a36271979319673da85,:10265
f02f75c1747a4d75cc450c7d100068c8597707be,:10271
ac53f9f52befd5a2874c785e390596b0ab22fdb5,:10272
de28083c10d95c64c87d75657c48823dd55b39ec,:10274
e78c6f36ad5bc2b4aa9f7e8a53eecba3fc03d9d7,:10277
10d2376f34827fd6507154e36b886adf359e100b,:10285
86ff34777939e7a60abce233522cc967941afb55,:10288
925f349f1ec53720f1149d9b4fcae997e48ffa5f,:10294
abb5255e57b61cbfe36e5cacb41f36f01ec351fa,:10297
f8cf663415a1274249471949c6d19c22b0a9841e,:10299
e5b90b60259a062e50e20d039faf459b0dec9d5c,:10302
2bf2508201134bab20688a34c24dbacec888fed1,:10303
8e4a32cff1ed91cbdb12b588a31ea1dbe026065d,:10305
bd7b145e46a47e8ff985e16e0ef9bed3d554896b,:10306
a433c9992d6c804bb6e1c010578d963b3b734c7b,:10309
c37c07071ce302eb7a3d096763b3e628888d8841,:10322
88af36dde9d8447f4b1a85b82ded29857608dd8d,:10326
e31a2db21bb23933bf5aab97c1e75707e9274c81,:10329
492f8e26b93ae03ffb9940446870cbe773ec3ac1,:10334
1869da125bafa936645f9374c169cd5870c70251,:10337
7e0deba53da83d215f2d716ae7f34a9b043c17c1,:10342
f6b0fb2d8be4d4ed0822cc151e9e57abf4b54b40,:10344
bace26dbdd54c80d92b8c50c1f88f339ecd4164b,:10346
dad1067348ff9020682139078e1f8ae45364dd3f,:10600
2b438318d2596f9cbbd3c9a361843843d0ea433e,:10605
3ee4d77369f042d4a6b295cde6f41ba8f999eca6,:10622
00606f4662ea3c06bfb6242de130887d837ddb48,:10635
8e359a6d23aae83401e35b8db1d3fb18808e5624,:10648
0537de3495ed4f3c80833b4610ea5c0f390fba47,:10650
2dfe4fce70f1254cac1bdbc72cf059d45a40ec38,:10652
c1e67e936e6f3bce973f3e26a9a58899a15b0d91,:10655
14ee39e756d2e0392fae87d9299a4fe8f00e4531,:10658
30be0dc4a836c2435ed11694a4ba8f846663d8b6,:10660
e152d87610d67aa7cc89332f2055d8060c15f5c3,:10662
4cbd0239d43496b68f3c8c075cd533256fc19674,:10664
2f5c4b6d8a52070c4955d2c7f1973070e33e4cfe,:10667
6d362b7bb5b3846bf99e5ba2e644f819c736f333,:10670
cc5e485689c5bfeec0d4d8eddad5c0f3a04de875,:10672
8765c8c10f50944fdbe42eee6360711bc3eb3e0f,:10675
ec12b520f7ea541b07785c846b7932ec628c30c2,:10677
8328851d8e3162cc4f47204d6234491939cd8ee7,:10679
3babf3e7e33bb34389c4b97cd54d23b2541c1c64,:10681
4646612ce5d17677b47c2f9a7d4eacf07aa1b92c,:10683
d92e2f8da306be68018a8a07ef32c2836d0c4f63,:10685
a346ce4e92ebc88f6764ed5cd4b0be2d87f04cad,:10688
402c22ee99b4f489ce7ca9e5a6af3fbaa57400b3,:10690
bdc44f7a4122a9b1c0685d049d7115f0b4367026,:10693
3227d6c9760769bf1abbb2597fbce5add62837e0,:10695
7fca8f39630934e773c221581453f4db9c0a78a9,:10698
167669300b263512cca5373395ef17033b06cab3,:10704
f56c1703ccac9da4ad45cc78cd476d64082b527c,:10706
8162cec6da21d38715e7c08b07a5f8998ad0ea0a,:10709
f831583f4b1de4da8398359cf0f28588fd37f154,:10711
6cdef0763aa40e7ea971f1cb00c9edbd8fa49fe5,:10716
e0416eb51aed590208833da6a17fb8e04e7a74c8,:10719
eb6914076a7aba91e1f8f1ef36c99d82d0fa162d,:10721
a113e4b2358a0a84b77acf2594f9507028480d00,:10724
63d383aa8f8ced908b00354c6c3c84ccd60b7525,:10727
e174e8848ce471892628c19c27e47d55769b56c6,:10729
e309587fe9e7df0ddcac6990f9f7a5b6131a62d6,:10730
1ce74381f22dc07d4d3c36eee4b1563844a10865,:10732
75af6511af73c0557decd6a80833187c291e0615,:10736
4e8475be34a39b184545f48edd17b2a657b93bde,:10740
cbf221d9e3f6b50e3873c2db4714f7577edf9429,:10742
2bfc22964759d5a9ea9c70d2cc94b718e7f88b8e,:10745
3887cb0d94913f3b7c2ff891df99415f265599c8,:10748
0f61ccb6b94ca5c6d9c2c8b0f66c1f8b8225795d,:10751
9a827206c4e8ae9a579a614cd75b350fa68c0fdb,:10754
1e4b78b29249dd82f06b77437c42d6c9c64f5272,:10757
8ea4aca71e996a460d69a0d5520a5e3a9d1f2907,:10760
0e8a11b40e28b24cc2731fbf2be08abe2bb71b08,:10767
4dc700e1917f6602b438b46c270ecd3e05d1d98f,:10772
29951b51c784f80648363a9d47941721b07841ec,:10775
2918baea27993637f72ab015a9dc5131a4ded3fd,:10780
e87792f670943604460b45f4487ee4fd3cc67f73,:10781
986a6d5f60f3d5193fdc892abf3c8df85ffdb402,:10809
d697b492bf09edd245b106cba5c3913456984564,:11095
d1c7ab7bebcb31da04de677cd74cf5175922e02e,:11097
e8eb6662bf8217cbad00414908c268f429d7a457,:11117
8bf1169b9d1cfccdf2a3d2bf0a0d855f4edc6a03,:11126
5d2bf4d93524973b1ea1ab27982871d32dddde8c,:11129
1b12a878bdaf04a05cd6ef515c94e99bece9ca90,:11131
3789814dd95fe0631be1ece9657487ae516ad4df,:11134
82ea19687b7428adf6efd67ff2dc9c7cf462bacc,:11136
afd9cf485fdc5d76ae0628432ff4f580a707b6b5,:11181
a800643e4e6536f3935052d2b6820072681c2732,:11198
4eeb213147d18d1a2b6992f2cbc5e7e27ab6b356,:11200
b7d7ebf8b3515ffe07a2b37a7cd530930727968a,:11296
f06d238dff66d43ac6ff2c5ae7e6b56d6226d95d,:11314
998683c172cf4288fc838457c9690401e1b28ce0,:11627
96b8239b0217822136abf8ed45ea6555ec220e3a,:11635
9aa173629f83a511b8b6f6d47c3cf5dff058b479,:11769
f6e486b990437d6c1cae31908c49ffec4c837aab,:11778
68f809a66cf096f6388d8d3e10953117c4ac14a0,:13116
99ce1d208ca94c18984baef18810f9747a2b82ea,:13121
29c8170e2a143447f6bb162269c90e1f86754e9d,:13130
12e58d452c8ba6ec8aafe929cda3d6bca270cfc0,:13134
e31942b464cd35573aabc9d9b80964e952c39910,:13137
7545112e8c66b53a6e322c8aef56717aae375486,:13141
ab98e39b5fd82128f272e5e031bba07dc978f9b0,:13144
a1f780bbd4e46bfd2669b22aab3c1b0ef2cf04cc,:13146
28ea0c36d6feffe0999580d14da24eb24e4bf1ef,:13147
13485dfc39b4a39129f03f0502595c3aa7f6673e,:13149
b3f5a3a0eac392f11319617ca9e33a992d5e21ed,:13151
bb8d8e18ad22958c00430a9d433f3c0549845707,:13154
4e18e382a352c32c21690c4eedd4fac68ca30919,:13157
fe38500e90e700693726915990a83918ca7cc79b,:13160
546cbe949cb1f603447961198b3ac375e82b3047,:13162
4be631065505ce8f100e64e8f4a6b0b66b3a5842,:13164
483dff10c853173cbda5a13dfbb217d670a297c9,:13167
81ed31988aff53d17c053db89dc192b41827e8bb,:13170
271fbeb1fdbf612b7cf258173f51c3c899e95c8c,:13172
2862f5a58c4ce02793e1937cc6934663f8110fe7,:13175
8ed132a5594e5360d528421d2ce99e3b8a510719,:13177
3f19a03829162c25171f76061dcdab3bd855c72e,:13180
5b7e9218196d7a39c2c47959df85cb3762a56791,:13184
cecb415ad0b87482fcfd2062bdd403f2af7b7447,:13187
dda36761ff7cb356b16aef465f2839f06f5f549e,:13189
a586e08cfa87e39ec2df979d0414948c4292337b,:13191
e030be17e8119e80857c81119d73740c68244d74,:13194
be9d4b7fc2f2f4d6cad09a6ec79b867d791858b3,:13197
b259823bb80b8c123bf42bc248181215f0c0accb,:13199
51676e053079a2b1685a1a2979ed20abfdf5ef1a,:13201
021aa7dd1677a19b7c221d501a6dabae7610d750,:13208
564b827117a50baaffcafe105355ef206cfbac18,:13211
42a901a57ea8ff212d6b9586dcef0675f7868136,:13213
b7babaa78b401e43b6bd3f84aecf0fe499776c08,:13216
8c3b11dc551d07c3f40d184e60822c3d4cea7435,:13218
5d58164a0fcbba856451619f28e68dddd812dc65,:13221
4f5f15a2b70ae67ed699ae475b0f59577d9e0e57,:13223
19b520fd2ae56d23294d9ad9ecc92e872f781791,:13225
479cd967c7c0642a67ad7796f8d1eefc21c8c146,:13227
28f9527ca8f96b568cb8cf4c76416d17e46cbb36,:13230
3242af036f4d1ca8f56d4639d6a150a8c41e302a,:13232
e4c7cd1bf1261845764c70bdb180e0e22e912583,:13235
24c8f0825d6254ba15d1923820938be1bffa057a,:13238
435f6a0295f36db26954556384a812e1e4bcbfc5,:13241
cc310325c9af59fd96bca8755cbd70233320eb26,:13245
8dd044a3dd230739719f8c8ef0d128c9f6fe757b,:13247
35d0648d9a1b27b7ec3a51656085538d2ea876ed,:13249
3a46f6ef85b766562f903404a132505594d11801,:13251
8fe438c125182991a081fd456c2e8bc563bca0fd,:13254
91c20efd3be81929e444d3f262145d9f2710445a,:13256
cefe24ede03c693b59cc7e2ef7056adc26ae648d,:13258
77c85ddea74937f827a01f1f4168c92dd4011625,:13261
cbc620b2896f63a245fc91b4737acc00cf219115,:13263
626d22e58edf3556e9b7db2adb8c9c165d97125f,:13265
e14ea43f58721c5ecc1c3bb26de94afcf841190c,:13268
cc03d719def192850e8aa7a2e061b7e008662398,:13270
d2c2ec1c7fd10987c32f8c111036947909b723ec,:13272
4124287698c826fec2b63e0fa5b2d45343a09139,:13274
8068946b8dd67f3ee8171d42216e8aeb5c19d2d8,:13276
143e38b2b5bb19a82d6a9168d5dd303bc1cc2549,:13279
3cdaa6cdb66bffdec6d7105e9300d7fdf164602f,:13282
50712185b9cd9c7ac9c5b326d16859d05eb53b6f,:13284
7e46919db2da2ba0ec1c872bf178c44e83767318,:13286
2be8b0e97f0e8d764f5eb0b391fc23cea573e385,:13289
b7588ac187b32f9f5e1b35c9395ba4e81aeb8f8f,:13292
c0f38748fedc73dbfab32c0096314d1b5b77ef86,:13294
3fc1fe9b92368d35b220427a5b11ae256bcfa8f7,:13296
22171d546cc49a5aeaa0c7b44a3a8426803b4cc4,:13299
7d36bb5d2d8309d25e9cd0d2891789a78b7df8e6,:13301
5aec0685e18d0c2f58d9db1896daa476b9caad1d,:13303
7cdf6236fed6cbb03722ff691d85892bbe07c479,:13305
3f2ef7b2ce90e1f9a4450ad651ddf92546887144,:13307
d57983eaef98b1cb7ed142beeaaef6bb04d93358,:13309
4f15c8021b6a681ccef7a356ed19ecd109343674,:13311
61e9650da16d8d39dfda50664a081ee1b4bd946c,:13313
e3a515aa0af88408c1d0f8cb1a5f489cef3c4c86,:13315
86a017741fd52d9ac95a987734c292a92e36a8e9,:13317
f8d55bba5832a4582068883fbded6f18682c39c9,:13319
215922e7dc5ce00f4aefacf2d4a59cd88e4c2471,:13321
c1e5858c5dacc738c9c12e4d7effbcadf51f7c55,:13323
0692af57968e7f9776f7f5db63a4458bc4895d26,:13325
81991e5d9784e958d9e3cfd6fc6ae229e08d5936,:13328
bd21d50839745626d83acbc5f1afc813fd008487,:13330
73dea15e29a49e06c7f2cf2c2e1dade3a973e125,:13333
3d4609222731daaa86ae93e5922047ba0fa93d9e,:13337
eb4280322d3a95a1348e6429fa7b11fe87bbe909,:13340
9c8a23607741f114ce116b2a3200955437bf0d15,:13344
efbe32e7d6ba74548fd13dbb1a8c78296731f0ff,:13347
9d877052c2c301295bd354792bbfc6ce3303bc54,:13349
f44a2296b4a3cb5ce4d1fd84e54552d22b6bf51c,:13353
b9452c019acc2423f1080d3085a2c9a74f37bd09,:13358
d5ac2e68f4fa78b9a1ad9e99f5020832e46b8a3e,:13362
dc384feaa26aead376e10ce446968aa5fd21ed1f,:13367
2d009c72b525b4c6b11d11fed8269e784b43d5e6,:13371
c1629557e57ac4764406c8ab264c8603e1a75d17,:13375
9ea666e9b68c120f5a4be0cab3e8c91e9e26a39a,:13379
edb701171f69b916230c4ca4aaaabe1de6fcdaf9,:13382
8a803b32adf76dbc0d198b9431c60272046e8df9,:13385
72c2b3f0ae5168a59932dea15ff825ac9d16e1d6,:13389
4b74336f82b8bab5a8970d3736434bbb03cda838,:13393
b9f0189f0ff8bf7e929166cab81b779626b55644,:13396
92dbfc13e7e2a406a78d0862d765cf3907d656c5,:13399
d434bb3a7fa2af3949ae8a27e8ac44092702bc14,:13403
ad21e3dbbf10bf241a5923e842d8e636515e0bd9,:13406
58fa7b6f7d6752809a5ecccbdd9396c41c934648,:13408
3b8c4c1e57003d073b7449b3ded286727fc201c3,:13411
1eb35e4ad26e911223655749b9d834c72cec672e,:13414
0c712a2e02c87f0f6f5ef0c0529e277edb014e49,:13418
3f3be066597370074fafc3a8bc5fc99606b47661,:13423
72e7d3a0bfb089ce03a60474d46a98ed0a63ae2e,:13426
bbfe68dc5b712bff4cd5a53a0e98c4dd58ae4648,:13431
429193fa855cb1ab3e9df0f7da5a1694d602c26f,:13434
7f51dbf87a1f431a887ba31abce8430118ab687b,:13438
b0e2a0ff43fa26accdf4d08a64b5896cfe0b880b,:13440
901c871e1a6c8996223922892ea4650c039dcb4f,:13442
0f73e5e8d310db29871907ab89832788117f48be,:13445
e7b3893b6fe70756ecd5cdd90cc53d8a54be39b3,:13448
c7103d2f472a7eb58e7630da8f510f999a5904a2,:13450
ff6590317e8d89533dc8783cc1c616a381ee5761,:13454
2f51f1dfab36ecd061a7e9d4d7646fe55ce92e1c,:13458
b31d954d160de6935cec0a21cc57a711245cf372,:13460
2f0b5d468658ab375ae6e22f6e9d9494b525a85d,:13462
6df6ae07090ad0d04125b308ebdab9cbbcb0eda6,:13475
0cade335c5fb7b426275ac2dcefceeb1eeb58e82,:13476
670f7a0a0988f7262f7227226539c8e88319d27a,:13574
c4c5691d888e795de83a47a2e1463d22ee41afae,:13576
ba1dfddeea8f193901c51374c6e9c8a28bea3b4e,:17569
51b508aa385cd05421372cdb3b5bcd25acafe7cc,:17570
951243c40412b3316a1e80fbd5bc1fb173613c99,:17572
c9902599f87350aa469bb7ceba7ee221a752d7fa,:17574
c7fa5f3bd869e79ded45bdc84dd23905b08dd7b8,:17576
7e5968db329cec8cfa811729c041a6915bba4267,:17578
261e3b1dbf59ebf69595ab125703710fb7c4b179,:17580
05e13274b4075420f920947b73208cd4008f5183,:17582
7c7f517cc639652164cfa932f5834a6a7dd85c9d,:17586
935d94335dfe73bb39719aa894b8c62fd0b096f0,:17589
68ee1f887aa0fba14dd959462828828235c1a25f,:17591
2960a0e47566cdfcefc54c7e42a6f35d27514cf1,:17594
f1d5eb2c2de0a759423d8424c1401a860288248e,:17596
16e2d78738136e3734a6a2ca86e83ffe275ded28,:17598
ab62c6735602a006476fad35cc38d7b3a79b9f26,:17601
84fa2bdee996f33c9df7e834f7e32b6a9410c3f6,:17603
5f0633fc5ccd3bf66c98741af2d82bea3996c7a6,:17605
f1cf24e1969ec8ea1713e6b3e679a4a5f3462ffb,:17607
b0ff3cdd0e23b352a57b25567ada6bc6a91adc66,:17613
279baeb7ae12986a1f12cd216bdfccb67ccdcf45,:17616
ea26852b74f5ce2d41465fe399edd81653c85822,:17621
d0f701a1c219fed6f7f14bd9c28ae0cb915a7c4e,:17623
2bc6c5efd51e144fa90af2618ca9798ad75aa6fc,:17626
c5a75c7756e3c7a5df8dc904abf640a1a05939c0,:17629
aa42fc1a2db0a83b888887781d36b6adc5fe5eb3,:17633
2e5fbeb0befd7b5557807644c65270bae28fc0d1,:17639
cf63219be61586e9396df06814d4835762d3b7bd,:17641
8f8af1d458caa042ef6ba59797f7896a5de13c31,:17643
a9287d1a9547d1101a46250dfa06c66f1b9ec3bf,:17645
02b87016b1f8225a0a12797fd1c329812436d220,:17647
52313443103082859b917d6c58b255481aa09c33,:17649
25e7bf6670eeebd1857ff56331113354a186472e,:17652
a440eefd3ad536d64949736547dba0fbf6088aaf,:17658
77e3c844df1afa36b2b476455f95748de1816ade,:17660
1bbcd3d425a1a39b09454d4bcf69ce36000003b6,:17662
7079305aba53b1691721fc9d7b2d309ff5cfb302,:17666
9725e585cdbcfd9a25bb147a70bc35dfe931b3f3,:17669
68b6b3638a5c1c8cb572175f6c3d3bde693d169a,:17675
f741f1b0b32b7ed5ddc348b43234650996c56ce8,:17681
0a5fd15c6ce150e414bc924ca7a48dd5a43d46d2,:17685
41586a28a63dc7a3c12bd906144f786002df6dc0,:17687
da52a6e025766d11ac6424005b1a09e4bded9f46,:17690
15739e4f61d23e29281bb1dd076647e458dfa10d,:17693
28428385c9611ff8239d1911fdc315d82d5be6a0,:17696
f24b27da25e3007516f1ea5c473e6dbff4cc5780,:17700
9c40656b57c24b73e66958d88152b691ca8d71a3,:17703
94dd47f2b8196be7b256f2924e1816291e72ac30,:17706
8e607a58872de57aa3513a58d8f5e099ee148590,:17709
a41e7cdcb86372838b663f68da400c04240b0a34,:17712
7cca5f60e30ded3f0e5a2db1a17d4aab627974ca,:17720
c2d832bf07182233db57d59ac6c8d5c95b06a91f,:17727
75963267465bd942f6dede2cba1a5b163454e1f2,:17731
6b6a13a7b09b1ffef747d855dbdc9c2c9aae2554,:17736
0243ee83b920416a3054c3ac8489651ee5a85f35,:17741
e457d8ad686eaba05ce8b7b36bd073769c382098,:17745
a03aa18ce04c05852ef4cf64a3f6cb7ca92692e9,:17751
3c854fca315f6bd0ad379602c25333f2f15b1e08,:17754
45b7fe4126720bc35612461c60e26b0a126dcb95,:17758
0abea4bcb2cd5d498d99f870e6fc3268e4a06b6d,:17761
5aacee87efc35070dfe7281bf5514cff9ff7d6f7,:17763
42076688669d656bdb14e8e0da612bb234080a35,:17765
7d44dca23bbd121609ff4f3be23a1a80c83266f5,:17769
27c995bea92b89231ee242071d9218f2dfed6d08,:17771
61ff37d97f40fdd6ec8ab746c81b1ce859f5c76d,:17774
c9bc31fd8055f0621d71849fd313e752045084bf,:17776
2ad3eaae085190189e7b0fb4a78a51f6ce5abe6d,:17779
b7261f6ca914ae8d2a865a6f69d8575497867812,:17783
0e323d18d47b28e5f6ce382a41099b7b765ffcac,:17785
6fa896901373cd390739cf729d744c6be42e605d,:17788
32e35ce0394464cb72bf479876b89da218a52724,:17791
8d3b678c6e2a8280c06156f65365e8b30de36b52,:17794
c890b302652ef82a1ce30ca0095b557ecffc7e3f,:17797
d172f44bc055e3919603e06a76e5b44dfb9e86a5,:17800
98ef4c9653f6d82bf700ba5c062a03a2291f96ce,:17805
f5eca90e7e8d63ca7e9909b6f64f3d6e26345dfa,:17807
ffe6d0a17b40ecd1c19965c487e37bf9e2071c2e,:17810
355cd7abf910d4586c9cc49a04ee1e3313970ac3,:17812
0811f0fa9f0dc9edba5a5a095cc7f44431b67f7e,:17814
6c3be5907886ebde440f276144efe6cbcec5ffab,:17816
fa350cf0b749713bd20d05e5c8227e2280dfb8fc,:17818
b120c3bc66d2331b064816a9d6645e28b64beb77,:17820
3ef26f35e4f6ffba16329afdcd3a188d8c01d2f2,:17822
4c65ee1b266738b2bfbb94ae8a7f6db650c8f6ea,:17824
9d66207981be33612c68d685d3a6eb145ac59b42,:17828
b7b3d1000ccfcbe18d9bac2014408b7fe9aa8f2f,:17832
996eb09af6c32a4b41ee1a65aff178cc46002ca5,:17836
03f75a1a127d3958b833a27113852c92cfa65a5b,:17838
2c777c18ce2aabfa4ba2c4954dd38bd120f16d10,:17840
2dae62e086fcce7ccb87aa5df9291af55d4e54c7,:17844
549b64d2826c68c8ca46303833871e00456e6a0c,:17847
80695965b87e6ee966721de09506433e0c17bb1f,:17849
bd9ad17e9ac7a35b53db9425b3421ced213f6c53,:17851
dd3122ff4d1daa38a35c9402318b3f84d24b6561,:17854
1dac0a01b7991b605e453a943e15ccd1363a7fd4,:17857
3cfcf95b0889478fb4d6baf76bb636ee8c700954,:17893
f2650c34c89397829a068e726b39cff363267f4f,:17895
6bdb13a62e53ecc809c9c0823fce8312de867a54,:17900
c509dc495d5c1040932562842663199476e7cdf4,:17953
81d89cca3a1664072fb4c55ddcd03f96d620b95b,:17954
e4c715bde2d2fb157bf90c418eaba2e4aeae3a1c,:17964
4ec714d0b451d69d0eed5a56da715ae06aaec08e,:18018
9ac1d8655dbefc5f148ac95537c14ade8759b9ae,:18051
bef3db06dc4bb132146ffae0f8357db613b86f62,:18077
274eac0fc7293a0e73c730aa02117e478ab55b77,:18080
ee8a9abb0ea3af2277b5f023684cb291483a7922,:18110
c2a6164e6d14a9fcd71126d6f9a98f0ce70cfd03,:18128
96d2c2dc2cc21cd26811fcb444a09afa22340c6a,:18130
